id,generic_name,status,therapeutic_category,dosage_form,company_name,initial_posting_date,brand_name,route
1,Hydromorphone Hydrochloride Injection,Current,Analgesia/Addiction,Injection,"Hospira, Inc., a Pfizer Company",10/31/2017,HYDROMORPHONE HYDROCHLORIDE,"INTRAMUSCULAR, INTRAVENOUS, SUBCUTANEOUS"
4,"Epinephrine Bitartrate, Lidocaine Hydrochloride Injection",Current,"Anesthesia, Pediatric",Injection,"Hospira, Inc., a Pfizer Company",02/22/2012,LIDOCAINE HYDROCHLORIDE AND EPINEPHRINE,"EPIDURAL, INFILTRATION, INTRACAUDAL, PERINEURAL"
5,Riluzole Oral Suspension,Current,Neurology,Oral Suspension,"EDW Pharma, Inc. (formerly Italfarmaco Pharma, Inc.)",01/26/2024,TEGLUTIK,ORAL
6,Adalimumab-adaz Injection,To Be Discontinued,Rheumatology,Injection,Sandoz Inc.,01/13/2026,HYRIMOZ,
7,Lisdexamfetamine Dimesylate Capsule,Current,Psychiatry,Capsule,"Mylan Pharmaceuticals Inc., a Viatris Company",07/14/2023,LISDEXAMFETAMINE DIMESYLATE,ORAL
8,"Bupivacaine Hydrochloride, Epinephrine Bitartrate Injection",Current,Anesthesia,Injection,"Hospira, Inc., a Pfizer Company",02/20/2018,BUPIVACAINE HYDROCHLORIDE AND EPINEPHRINE,"EPIDURAL, INTRACAUDAL, PERINEURAL"
9,"Amphetamine Aspartate Monohydrate, Amphetamine Sulfate, Dextroamphetamine Saccharate, Dextroamphetamine Sulfate Tablet",Current,Psychiatry,Tablet,Sandoz Inc.,10/12/2022,"DEXTROAMPHETAMINE SACCHARATE, AMPHETAMINE ASPARTATE MONOHYDRATE, DEXTROAMPHETAMINE SULFATE AND AMPHETAMINE SULFATE",ORAL
10,Dextrose Monohydrate 5% Injection,Current,"Endocrinology/Metabolism, Gastroenterology, Other, Pediatric",Injection,Otsuka ICU Medical LLC,02/14/2022,DEXTROSE,INTRAVENOUS
11,"Potassium Chloride Tablet, Extended Release",To Be Discontinued,"Endocrinology/Metabolism, Gastroenterology",Tablet,"Teva Pharmaceuticals USA, Inc.",11/21/2025,POTASSIUM CHLORIDE,ORAL
12,Lisdexamfetamine Dimesylate Capsule,Current,Psychiatry,Capsule,Amneal Pharmaceuticals,07/14/2023,LISDEXAMFETAMINE DIMESYLATE,ORAL
14,Carboplatin Injection,Current,Oncology,Injection,Accord Healthcare Inc.,04/28/2023,CARBOPLATIN,INTRAVENOUS
15,Lisdexamfetamine Dimesylate Capsule,Current,Psychiatry,Capsule,Rhodes Pharmaceuticals L.P.,01/11/2024,LISDEXAMFETAMINE DIMESYLATE,ORAL
16,"Donepezil Hydrochloride; Memantine Hydrochloride Capsule, Extended Release",To Be Discontinued,Neurology,"Capsule, Extended Release",Amneal Pharmaceuticals,06/15/2026,MEMANTINE AND DONEPEZIL HYDROCHLORIDES EXTENDED-RELEASE,ORAL
17,Promethazine Hydrochloride Injection,Current,"Analgesia/Addiction, Gastroenterology, Pediatric, Pulmonary/Allergy",Injection,"Hikma Pharmaceuticals USA, Inc.",11/21/2023,PROMETHAZINE HYDROCHLORIDE,INTRAMUSCULAR
18,"Lisdexamfetamine Dimesylate Tablet, Chewable",Current,Psychiatry,"Tablet, Chewable",Novadoz Pharmaceuticals LLC,07/14/2023,LISDEXAMFETAMINE DIMESYLATE,ORAL
19,Hydromorphone Hydrochloride Injection,Current,Analgesia/Addiction,Injection,"Fresenius Kabi USA, LLC",10/31/2017,DILAUDID,"INTRAMUSCULAR, INTRAVENOUS, SUBCUTANEOUS"
20,"Cefotaxime Sodium Powder, for Solution",Current,"Anti-Infective, Pediatric","Powder, For Solution","Hikma Pharmaceuticals USA, Inc.",02/17/2015,CEFOTAXIME,"INTRAMUSCULAR, INTRAVENOUS"
21,Lisdexamfetamine Dimesylate Capsule,Current,Psychiatry,Capsule,Takeda Pharmaceuticals USA Inc.,07/14/2023,VYVANSE,ORAL
22,"Epinephrine Bitartrate, Lidocaine Hydrochloride Injection",Current,"Anesthesia, Pediatric",Injection,"Fresenius Kabi USA, LLC",10/14/2016,XYLOCAINE,"INFILTRATION, PERINEURAL"
24,"Amphetamine Aspartate Monohydrate, Amphetamine Sulfate, Dextroamphetamine Saccharate, Dextroamphetamine Sulfate Tablet",Current,Psychiatry,Tablet,"Teva Pharmaceuticals USA, Inc.",10/12/2022,"DEXTROAMPHETAMINE SACCHARATE, AMPHETAMINE ASPARTATE, DEXTROAMPHETAMINE SULFATE AND AMPHETAMINE SULFATE",ORAL
26,Dexmedetomidine Hydrochloride Injection,Current,Anesthesia,Injection,Baxter Healthcare,04/10/2020,DEXMEDETOMIDINE HYDROCHLORIDE IN 0.9% SODIUM CHLORIDE,INTRAVENOUS
27,Promethazine Hydrochloride Injection,Current,"Analgesia/Addiction, Gastroenterology, Other, Pulmonary/Allergy",Injection,"XGen Pharmaceuticals DJB, Inc.",11/21/2023,PROMETHAZINE HYDROCHLORIDE,"INTRAMUSCULAR, INTRAVENOUS"
28,"Amphetamine Aspartate Monohydrate, Amphetamine Sulfate, Dextroamphetamine Saccharate, Dextroamphetamine Sulfate Tablet",Current,Psychiatry,Tablet,SpecGx LLC,10/12/2022,DEXTROAMPHETAMINE SACCHARATE AND AMPHETAMINE ASPARTATE AND DEXTROAMPHETAMINE SULFATE AND AMPHETAMINE SULFATE,ORAL
29,Albuterol Sulfate Solution,Current,"Pediatric, Pulmonary/Allergy",Solution,"Rising Pharma Holdings, Inc.",10/25/2022,ALBUTEROL SULFATE,RESPIRATORY (INHALATION)
30,Peginterferon alfa-2a Injection,Current,Antiviral,Injection,pharmaand GmbH (pharma&),01/24/2025,PEGASYS,SUBCUTANEOUS
32,Clindamycin Hydrochloride Capsule,To Be Discontinued,Anti-Infective,Capsule,Pfizer Inc.,02/25/2026,CLEOCIN HYDROCHLORIDE,ORAL
34,Flurazepam Hydrochloride Capsule,Current,"Neurology, Other",Capsule,Chartwell Molecular Holdings LLC,08/03/2022,FLURAZEPAM HYDROCHLORIDE,ORAL
35,Sterile Water Irrigant,Current,"Gastroenterology, Other, Pediatric",Irrigant,B. Braun Medical Inc.,04/28/2023,STERILE WATER,IRRIGATION
37,"Epinephrine Bitartrate, Lidocaine Hydrochloride Injection",Current,"Anesthesia, Pediatric",Injection,"Fresenius Kabi USA, LLC",10/14/2016,XYLOCAINE MPF,"EPIDURAL, INFILTRATION, INTRACAUDAL, PERINEURAL"
38,Clonazepam Tablet,Current,"Neurology, Pediatric, Psychiatry",Tablet,"Teva Pharmaceuticals USA, Inc.",03/10/2023,CLONAZEPAM,ORAL
39,Nitrofurantoin Oral Suspension,To Be Discontinued,"Anti-Infective, Other",Oral Suspension,Amneal Pharmaceuticals,04/10/2026,NITROFURANTOIN,ORAL
40,Gadobutrol Injection,To Be Discontinued,Medical Imaging,Injection,"Jiangsu Hengrui Pharmaceuticals Co., Ltd.",06/30/2026,GADOBUTROL,INTRAVENOUS
41,Tafamidis Meglumine Capsule,To Be Discontinued,Cardiovascular,Capsule,Pfizer Inc.,09/29/2025,VYNDAQEL,ORAL
44,Dacomitinib Tablet,To Be Discontinued,Oncology,Tablet,Pfizer Inc.,06/08/2026,VIZIMPRO,ORAL
45,Paricalcitol Capsule,To Be Discontinued,Endocrinology/Metabolism,Capsule,AbbVie Inc.,10/07/2025,ZEMPLAR,ORAL
46,Glyburide Tablet,To Be Discontinued,Endocrinology/Metabolism,Tablet,Sanofi-Aventis U.S. LLC,08/10/2026,GLYBURIDE,ORAL
47,Triamcinolone Hexacetonide Injection,Current,Rheumatology,Injection,Medexus,05/04/2021,HEXATRIONE 2%,INTRA-ARTICULAR
48,Nitroglycerin Ointment,To Be Discontinued,Analgesia/Addiction,Ointment,AbbVie Inc.,04/14/2026,RECTIV,RECTAL
49,Fluphenazine Hydrochloride Tablet,To Be Discontinued,"Neurology, Psychiatry",Tablet,"Upsher-Smith Laboratories, LLC",09/18/2025,FLUPHENAZINE HYDROCHLORIDE,ORAL
50,Dextrose Monohydrate 5% Injection,Current,"Endocrinology/Metabolism, Gastroenterology, Other, Pediatric",Injection,Baxter Healthcare,02/14/2022,DEXTROSE,INTRAVENOUS
51,Rocuronium Bromide Injection,Current,Anesthesia,Injection,Sagent Pharmaceuticals,02/15/2023,ROCURONIUM BROMIDE,INTRAVENOUS
52,"Amphetamine Aspartate Monohydrate, Amphetamine Sulfate, Dextroamphetamine Saccharate, Dextroamphetamine Sulfate Tablet",Current,Psychiatry,Tablet,"Sunrise Pharmaceutical, Inc.",10/12/2022,"DEXTROAMPHETAMINE SACCHARATE, AMPHETAMINE ASPARTATE, DEXTROAMPHETAMINE SULFATE AND AMPHETAMINE SULFATE",ORAL
53,"Calcium Chloride; Dextrose; Magnesium Chloride; Sodium Chloride; Sodium Lactate Intraperitoneal Injection, Solution",To Be Discontinued,Renal,Solution,Vantive US Healthcare LLC,08/03/2026,DIANEAL LOW CALCIUM WITH DEXTROSE,INTRAPERITONEAL
54,Quinapril/Hydrochlorothiazide Tablet,Current,Cardiovascular,Tablet,Chartwell Molecular Holdings LLC,01/19/2023,QUINAPRIL AND HYDROCHLOROTHIAZIDE,ORAL
55,"Fluvastatin Sodium Tablet, Extended Release",To Be Discontinued,Cardiovascular,Tablet,Sandoz Inc.,01/27/2026,FLUVASTATIN SODIUM ER,ORAL
56,Dexmedetomidine Hydrochloride Injection,Current,Anesthesia,Injection,Pfizer Inc.,04/10/2020,PRECEDEX,INTRAVENOUS
58,Hydrocortisone Acetate Suppository,To Be Discontinued,"Analgesia/Addiction, Other",Suppository,Padagis US LLC,07/23/2026,HYDROCORTISONE ACETATE,RECTAL
59,Bupivacaine Hydrochloride Injection,Current,Anesthesia,Injection,"Hospira, Inc., a Pfizer Company",02/20/2018,BUPIVACAINE SPINAL,SUBARACHNOID
60,Promethazine Hydrochloride Injection,Current,"Analgesia/Addiction, Gastroenterology, Other, Pulmonary/Allergy",Injection,"XGen Pharmaceuticals DJB, Inc.",11/21/2023,PROMETHAZINE HYDROCHLORIDE,"INTRAMUSCULAR, INTRAVENOUS"
62,Dexmedetomidine Hydrochloride Injection,Current,Anesthesia,Injection,"Hikma Pharmaceuticals USA, Inc.",04/10/2020,DEXMEDETOMIDINE HCL,INTRAVENOUS
63,Quinapril Hydrochloride Tablet,Current,Cardiovascular,Tablet,Aurobindo Pharma USA,01/19/2023,QUINAPRIL,ORAL
64,Icatibant Acetate Injection,To Be Discontinued,Hematology,Injection,"Fresenius Kabi USA, LLC",05/07/2026,ICATIBANT,SUBCUTANEOUS
65,Bupivacaine Hydrochloride Injection,To Be Discontinued,Anesthesia,Injection,Kindos Pharmaceuticals Co. Ltd.,05/05/2026,BUPIVACAINE HYDROCHLORIDE,PERINEURAL
67,Dexmedetomidine Hydrochloride Injection,Current,Anesthesia,Injection,Pfizer Inc.,04/10/2020,PRECEDEX,INTRAVENOUS
68,Dexmedetomidine Hydrochloride Injection,Current,Anesthesia,Injection,Pfizer Inc.,04/10/2020,PRECEDEX,INTRAVENOUS
69,Rocuronium Bromide Injection,Current,Anesthesia,Injection,"Fresenius Kabi USA, LLC",02/15/2023,ROCURONIUM,INTRAVENOUS
71,Bupivacaine Hydrochloride Injection,Current,Anesthesia,Injection,Aspiro Pharma Limited,02/20/2018,BUPIVACAINE HYDROCHLORIDE,"EPIDURAL, RETROBULBAR"
72,Quinapril Hydrochloride Tablet,Current,Cardiovascular,Tablet,Aurobindo Pharma USA,01/19/2023,QUINAPRIL,ORAL
73,Dextrose Monohydrate 5% Injection,Current,"Endocrinology/Metabolism, Gastroenterology, Other, Pediatric",Injection,B. Braun Medical Inc.,02/14/2022,DEXTROSE,INTRAVENOUS
74,Etomidate Injection,Current,Anesthesia,Injection,"Hikma Pharmaceuticals USA, Inc.",10/05/2022,ETOMIDATE,INTRAVENOUS
75,Azithromycin Injection,To Be Discontinued,Anti-Infective,Injection,Pfizer Inc.,01/20/2026,ZITHROMAX,INTRAVENOUS
76,Lisdexamfetamine Dimesylate Capsule,Current,Psychiatry,Capsule,SpecGx LLC,07/14/2023,LISDEXAMFETAMINE DIMESYLATE,ORAL
77,Amino Acid Injection,Current,Gastroenterology,Injection,Baxter Healthcare,12/08/2020,PREMASOL - SULFITE-FREE (AMINO ACID),INTRAVENOUS
78,Sodium Bicarbonate Injection,Current,"Endocrinology/Metabolism, Gastroenterology, Pediatric",Injection,"Hospira, Inc., a Pfizer Company",03/01/2017,SODIUM BICARBONATE,INTRAVENOUS
79,"Fluvastatin Sodium Tablet, Extended Release",To Be Discontinued,Cardiovascular,Tablet,Sandoz Inc.,01/27/2026,LESCOL XL,ORAL
80,"Amphetamine Aspartate Monohydrate, Amphetamine Sulfate, Dextroamphetamine Saccharate, Dextroamphetamine Sulfate Tablet",Current,Psychiatry,Tablet,Aurobindo Pharma USA,10/12/2022,"DEXTROAMPHETAMINE SACCHARATE, AMPHETAMINE ASPARTATE, DEXTROAMPHETAMINE SULFATE AND AMPHETAMINE SULFATE",ORAL
81,Ropivacaine Hydrochloride Injection,Current,Anesthesia,Injection,Eugia US LLC,03/23/2018,ROPIVACAINE HYDROCHLORIDE,"EPIDURAL, INFILTRATION, PERINEURAL"
82,Lidocaine Hydrochloride Injection,Current,Cardiovascular,Injection,B. Braun Medical Inc.,10/25/2017,LIDOCAINE HYDROCHLORIDE AND DEXTROSE,INTRAVENOUS
83,Carboplatin Injection,Current,Oncology,Injection,Teyro Labs,04/28/2023,CARBOPLATIN,INTRAVENOUS
84,Rocuronium Bromide Injection,Current,Anesthesia,Injection,"Meitheal Pharmaceuticals, Inc.",02/15/2023,ROCURONIUM BROMIDE,INTRAVENOUS
85,Gadoterate Meglumine Injection,To Be Discontinued,Medical Imaging,Injection,"Jiangsu Hengrui Pharmaceuticals Co., Ltd.",05/21/2026,GADOTERATE MEGLUMINE,INTRAVENOUS
86,Dextrose Monohydrate 5% Injection,Current,"Endocrinology/Metabolism, Gastroenterology, Other, Pediatric",Injection,Baxter Healthcare,07/20/2026,DEXTROSE,INTRAVENOUS
87,Sodium Acetate Injection,Current,Total Parenteral Nutrition,Injection,"Fresenius Kabi USA, LLC",03/23/2016,SODIUM ACETATE,INTRAVENOUS
88,Liraglutide Injection,Current,Endocrinology/Metabolism,Injection,"Hikma Pharmaceuticals USA, Inc.",07/18/2023,LIRAGLUTIDE,SUBCUTANEOUS
89,Carboplatin Injection,Current,Oncology,Injection,"Hospira, Inc., a Pfizer Company",04/28/2023,CARBOPLATIN,INTRAVENOUS
90,Rocuronium Bromide Injection,Current,Anesthesia,Injection,"Mylan Institutional, a Viatris Company",02/15/2023,ROCURONIUM BROMIDE,INTRAVENOUS
91,Furosemide Oral Solution,Current,Cardiovascular,Oral Solution,"Hikma Pharmaceuticals USA, Inc.",03/31/2026,FUROSEMIDE,ORAL
93,Sodium Bicarbonate Injection,Current,"Endocrinology/Metabolism, Gastroenterology, Pediatric",Injection,"Hospira, Inc., a Pfizer Company",03/01/2017,SODIUM BICARBONATE,INTRAVENOUS
94,"Amphetamine Aspartate Monohydrate, Amphetamine Sulfate, Dextroamphetamine Saccharate, Dextroamphetamine Sulfate Tablet",Current,Psychiatry,Tablet,"Teva Pharmaceuticals USA, Inc.",10/12/2022,ADDERALL,ORAL
95,Caspofungin Acetate Injection,To Be Discontinued,Anti-Infective,Injection,"Jiangsu Hengrui Pharmaceuticals Co. (US Agent eVenus Pharmaceutical Laboratories, Inc.)",06/30/2026,CASPOFUNGIN ACETATE,INTRAVENOUS
96,Ropivacaine Hydrochloride Injection,Current,Anesthesia,Injection,Eugia US LLC,03/23/2018,ROPIVACAINE HYDROCHLORIDE,"EPIDURAL, PERINEURAL"
97,"Amphetamine Aspartate Monohydrate, Amphetamine Sulfate, Dextroamphetamine Saccharate, Dextroamphetamine Sulfate Tablet",Current,Psychiatry,Tablet,SpecGx LLC,10/12/2022,DEXTROAMPHETAMINE SACCHARATE AND AMPHETAMINE ASPARTATE AND DEXTROAMPHETAMINE SULFATE AND AMPHETAMINE SULFATE,ORAL
98,Hydromorphone Hydrochloride Injection,Current,Analgesia/Addiction,Injection,"Fresenius Kabi USA, LLC",10/31/2017,HYDROMORPHONE HYDROCHLORIDE,"INTRAMUSCULAR, INTRAVENOUS, SUBCUTANEOUS"
100,Methylprednisolone Acetate Injection,Current,Rheumatology,Injection,Amneal Pharmaceuticals,12/15/2021,METHYLPREDNISOLONE ACETATE,"INTRA-ARTICULAR, INTRALESIONAL, INTRAMUSCULAR, INTRASYNOVIAL, SOFT TISSUE"
101,Dextrose Monohydrate 10% Injection,Current,"Endocrinology/Metabolism, Gastroenterology, Other, Pediatric",Injection,Otsuka ICU Medical LLC,03/01/2022,DEXTROSE,INTRAVENOUS
102,Bupivacaine Hydrochloride Injection,Current,Anesthesia,Injection,"Hospira, Inc., a Pfizer Company",02/20/2018,BUPIVACAINE HYDROCHLORIDE,"INFILTRATION, PERINEURAL"
103,"Guanfacine Hydrochloride Tablet, Extended Release",To Be Discontinued,Psychiatry,Tablet,"Actavis Pharma, Inc.",11/13/2025,GUANFACINE,ORAL
104,"Amphetamine Aspartate Monohydrate, Amphetamine Sulfate, Dextroamphetamine Saccharate, Dextroamphetamine Sulfate Tablet",Current,Psychiatry,Tablet,"Lannett Company, Inc.",10/12/2022,"DEXTROAMPHETAMINE SACCHARATE, AMPHETAMINE ASPARTATE, DEXTROAMPHETAMINE SULFATE AND AMPHETAMINE SULFATE",ORAL
106,Lisdexamfetamine Dimesylate Capsule,Current,Psychiatry,Capsule,Alvogen,07/14/2023,LISDEXAMFETAMINE DIMESYLATE,ORAL
107,Clindamycin Phosphate Injection,Current,Anti-Infective,Injection,Sandoz Inc.,03/21/2023,CLINDAMYCIN IN 5 PERCENT DEXTROSE,INTRAVENOUS
108,Azithromycin Tablet,To Be Discontinued,Anti-Infective,Tablet,Pfizer Inc.,04/09/2026,ZITHROMAX,ORAL
109,Gemcitabine Hydrochloride Injection,To Be Discontinued,Oncology,Injection,"Hospira, Inc., a Pfizer Company",09/11/2025,GEMCITABINE,INTRAVENOUS
110,Furosemide Injection,Current,Cardiovascular,Injection,"Fresenius Kabi USA, LLC",04/07/2020,FUROSEMIDE,"INTRAMUSCULAR, INTRAVENOUS"
111,Bumetanide Injection,Current,Cardiovascular,Injection,"Fresenius Kabi USA, LLC",01/31/2018,BUMETANIDE,"INTRAMUSCULAR, INTRAVENOUS"
112,Lisdexamfetamine Dimesylate Capsule,Current,Psychiatry,Capsule,Apotex Corp.,11/01/2023,LISDEXAMFETAMINE DIMESYLATE,ORAL
113,Clonazepam Tablet,Current,"Neurology, Pediatric, Psychiatry",Tablet,Rubicon Research Private Limited,03/27/2023,CLONAZEPAM,ORAL
115,Dextrose Monohydrate 70% Injection,Current,"Endocrinology/Metabolism, Gastroenterology, Other, Pediatric",Injection,Otsuka ICU Medical LLC,10/11/2024,DEXTROSE,INTRAVENOUS
116,Heparin Sodium Injection,Current,Hematology,Injection,"Fresenius Kabi USA, LLC",11/14/2017,HEPARIN SODIUM,INTRAVENOUS
117,Acetaminophen; Oxycodone Hydrochloride Tablet,To Be Discontinued,Analgesia/Addiction,Tablet,"Endo Pharmaceuticals, Inc.",11/03/2025,ENDOCET,ORAL
118,Methotrexate Sodium Injection,Current,"Rheumatology, Oncology",Injection,"Hospira, Inc., a Pfizer Company",03/13/2023,METHOTREXATE,"INTRAMUSCULAR, INTRAVENOUS, SUBCUTANEOUS"
119,Dexamethasone Sodium Phosphate Injection,Current,"Dermatology, Endocrinology/Metabolism, Gastroenterology, Hematology, Neurology, Oncology, Ophthalmology, Other, Pulmonary/Allergy, Rheumatology",Injection,"Fresenius Kabi USA, LLC",02/08/2019,DEXAMETHASONE SODIUM PHOSPHATE,"INTRAMUSCULAR, INTRAVENOUS"
120,Bumetanide Injection,Current,Cardiovascular,Injection,"Fresenius Kabi USA, LLC",01/31/2018,BUMETANIDE,"INTRAMUSCULAR, INTRAVENOUS"
121,"Amphetamine Aspartate Monohydrate, Amphetamine Sulfate, Dextroamphetamine Saccharate, Dextroamphetamine Sulfate Tablet",Current,Psychiatry,Tablet,"Elite Laboratories, Inc.",10/12/2022,"DEXTROAMPHETAMINE SACCHARATE, AMPHETAMINE ASPARTATE, DEXTROAMPHETAMINE SULFATE AND AMPHETAMINE SULFATE",ORAL
123,Clonazepam Tablet,Current,"Neurology, Pediatric, Psychiatry",Tablet,"Prinston Pharmaceutical, Inc.",03/10/2023,CLONAZEPAM,ORAL
124,Omeprazole Delayed Release Capsule,To Be Discontinued,Gastroenterology,,Sandoz Inc.,10/09/2025,OMEPRAZOLE,ORAL
125,"Epinephrine Bitartrate, Lidocaine Hydrochloride Injection",Current,"Anesthesia, Pediatric",Injection,"Fresenius Kabi USA, LLC",10/14/2016,XYLOCAINE,"INFILTRATION, PERINEURAL"
126,Clonazepam Tablet,Current,"Neurology, Pediatric, Psychiatry",Tablet,"Prinston Pharmaceutical, Inc.",03/10/2023,CLONAZEPAM,ORAL
127,"Guanfacine Hydrochloride Tablet, Extended Release",To Be Discontinued,Psychiatry,Tablet,"Actavis Pharma, Inc.",11/13/2025,GUANFACINE,ORAL
129,Bupivacaine Hydrochloride Injection,Current,Anesthesia,Injection,Aspiro Pharma Limited,02/20/2018,BUPIVACAINE HYDROCHLORIDE,"EPIDURAL, INTRACAUDAL, PERINEURAL"
130,Midazolam Hydrochloride Injection,Current,"Anesthesia, Neurology",Injection,"Fresenius Kabi USA, LLC",04/02/2020,MIDAZOLAM,"INTRAMUSCULAR, INTRAVENOUS"
131,Dextrose Monohydrate 5% Injection,Current,"Endocrinology/Metabolism, Gastroenterology, Other, Pediatric",Injection,Baxter Healthcare,02/14/2022,DEXTROSE,INTRAVENOUS
132,"Bupivacaine Hydrochloride, Epinephrine Bitartrate Injection",Current,Anesthesia,Injection,"Fresenius Kabi USA, LLC",02/20/2018,SENSORCAINE,PERINEURAL
133,Ifosfamide Injection,Current,"Oncology, Pediatric",Injection,Baxter Healthcare,06/12/2026,IFEX,INTRAVENOUS
135,"Bupivacaine Hydrochloride, Epinephrine Bitartrate Injection",Current,Anesthesia,Injection,"Fresenius Kabi USA, LLC",02/20/2018,SENSORCAINE,"INFILTRATION, PERINEURAL"
137,Dobutamine Hydrochloride Injection,Current,"Cardiovascular, Pediatric, Renal",Injection,Baxter Healthcare,11/06/2017,DOBUTAMINE HYDROCHLORIDE IN DEXTROSE,INTRAVENOUS
138,Acetaminophen; Oxycodone Hydrochloride Tablet,To Be Discontinued,Analgesia/Addiction,Tablet,"Endo Pharmaceuticals, Inc.",11/03/2025,ENDOCET,ORAL
139,Hydroxocobalamin Injection,Current,Other,Injection,BTG International Inc.,11/04/2024,CYANOKIT,INTRAVENOUS
140,Ketorolac Tromethamine Injection,Current,Analgesia/Addiction,Injection,"Hospira, Inc., a Pfizer Company",03/26/2018,KETOROLAC TROMETHAMINE,"INTRAMUSCULAR, INTRAVENOUS"
141,Celecoxib Capsule,To Be Discontinued,Analgesia/Addiction,Capsule,"Teva Pharmaceuticals USA, Inc.",08/15/2025,CELECOXIB,ORAL
143,"Doxycycline Hyclate Tablet, Delayed Release",To Be Discontinued,Anti-Infective,Tablet,"Teva Pharmaceuticals USA, Inc.",07/30/2026,DOXYCYCLINE HYCLATE,ORAL
144,Celecoxib Capsule,To Be Discontinued,Analgesia/Addiction,Capsule,"Teva Pharmaceuticals USA, Inc.",08/15/2025,CELECOXIB,ORAL
145,Ifosfamide Injection,Current,"Oncology, Pediatric",Injection,"Hikma Pharmaceuticals USA, Inc.",06/12/2026,IFOSFAMIDE,INTRAVENOUS
146,Lisdexamfetamine Dimesylate Capsule,Current,Psychiatry,Capsule,Takeda Pharmaceuticals USA Inc.,07/14/2023,VYVANSE,ORAL
149,Ifosfamide Injection,Current,"Oncology, Pediatric",Injection,Baxter Healthcare,06/12/2026,IFOSFAMIDE,INTRAVENOUS
150,"Amphetamine Aspartate Monohydrate, Amphetamine Sulfate, Dextroamphetamine Saccharate, Dextroamphetamine Sulfate Tablet",Current,Psychiatry,Tablet,Granules Pharmaceuticals Inc.,10/12/2022,"DEXTROAMPHETAMINE SACCHARATE, AMPHETAMINE ASPARTATE, DEXTROAMPHETAMINE SULFATE AND AMPHETAMINE SULFATE",ORAL
151,Isocarboxazid Tablet,Current,Psychiatry,Tablet,Lifsa Drugs LLC,04/16/2026,MARPLAN,ORAL
152,Lidocaine Hydrochloride Injection,Current,"Anesthesia, Pediatric",Injection,"Fresenius Kabi USA, LLC",02/22/2012,LIDOCAINE,INTRAVENOUS
153,Cobicistat Tablet,To Be Discontinued,Antiviral,Tablet,"Gilead Sciences, Inc.",10/07/2025,TYBOST,ORAL
154,Palivizumab Injection,To Be Discontinued,Antiviral,Injection,Swedish Orphan Biovitrum AB,08/13/2025,SYNAGIS,INTRAMUSCULAR
155,Fentanyl Citrate Injection,Current,"Analgesia/Addiction, Pediatric",Injection,"Hospira, Inc., a Pfizer Company",01/01/2012,FENTANYL CITRATE,"INTRAMUSCULAR, INTRAVENOUS"
157,Hydromorphone Hydrochloride Injection,Current,Analgesia/Addiction,Injection,"Hospira, Inc., a Pfizer Company",10/31/2017,HYDROMORPHONE HYDROCHLORIDE,"INTRAMUSCULAR, INTRAVENOUS, SUBCUTANEOUS"
158,Lisdexamfetamine Dimesylate Capsule,Current,Psychiatry,Capsule,"Sun Pharmaceutical Industries, Inc.",07/14/2023,LISDEXAMFETAMINE DIMESYLATE,ORAL
159,"Amphetamine Aspartate Monohydrate, Amphetamine Sulfate, Dextroamphetamine Saccharate, Dextroamphetamine Sulfate Tablet",Current,Psychiatry,Tablet,Granules Pharmaceuticals Inc.,10/12/2022,"DEXTROAMPHETAMINE SACCHARATE, AMPHETAMINE ASPARTATE, DEXTROAMPHETAMINE SULFATE AND AMPHETAMINE SULFATE",ORAL
160,Pilocarpine Hydrochloride Tablet,To Be Discontinued,Other,Tablet,"Actavis Pharma, Inc.",09/19/2025,PILOCARPINE HYDROCHLORIDE,ORAL
161,"Fluticasone Propionate and Salmeterol Xinafoate Aerosol, Metered",To Be Discontinued,Pulmonary/Allergy,,GlaxoSmithKline,07/27/2026,ADVAIR HFA,RESPIRATORY (INHALATION)
163,Etomidate Injection,Current,Anesthesia,Injection,"Caplin Steriles, Ltd.",10/05/2022,ETOMIDATE,INTRAVENOUS
164,Lisdexamfetamine Dimesylate Capsule,Current,Psychiatry,Capsule,"Hikma Pharmaceuticals USA, Inc.",07/14/2023,LISDEXAMFETAMINE DIMESYLATE,ORAL
167,Gadoterate Meglumine Injection,To Be Discontinued,Medical Imaging,Injection,"Jiangsu Hengrui Pharmaceuticals Co., Ltd.",05/21/2026,GADOTERATE MEGLUMINE,INTRAVENOUS
169,Etomidate Injection,Current,Anesthesia,Injection,"Caplin Steriles, Ltd.",10/05/2022,ETOMIDATE,INTRAVENOUS
170,"Methylphenidate Film, Extended Release",Current,Psychiatry,"Film, Extended Release","Noven Pharmaceuticals, Inc.",02/28/2025,METHYLPHENIDATE TRANSDERMAL SYSTEM,TRANSDERMAL
171,"Amphetamine Aspartate Monohydrate, Amphetamine Sulfate, Dextroamphetamine Saccharate, Dextroamphetamine Sulfate Tablet",Current,Psychiatry,Tablet,"Elite Laboratories, Inc.",10/12/2022,"DEXTROAMPHETAMINE SACCHARATE, AMPHETAMINE ASPARTATE, DEXTROAMPHETAMINE SULFATE AND AMPHETAMINE SULFATE",ORAL
173,Lidocaine Hydrochloride Injection,Current,Anesthesia,Injection,"Hikma Pharmaceuticals USA, Inc.",06/13/2018,LIDOCAINE HYDROCHLORIDE,"EPIDURAL, INFILTRATION, INTRACAUDAL"
174,"Amphetamine Aspartate Monohydrate, Amphetamine Sulfate, Dextroamphetamine Saccharate, Dextroamphetamine Sulfate Tablet",Current,Psychiatry,Tablet,"Elite Laboratories, Inc.",10/12/2022,"DEXTROAMPHETAMINE SACCHARATE, AMPHETAMINE ASPARTATE, DEXTROAMPHETAMINE SULFATE AND AMPHETAMINE SULFATE",ORAL
175,Ifosfamide Injection,Current,"Oncology, Pediatric",Injection,"Hikma Pharmaceuticals USA, Inc.",06/12/2026,IFOSFAMIDE,INTRAVENOUS
176,Lisdexamfetamine Dimesylate Capsule,Current,Psychiatry,Capsule,"Elite Laboratories, Inc.",07/14/2023,LISDEXAMFETAMINE DIMESYLATE,ORAL
177,Dexmedetomidine Hydrochloride Injection,Current,Anesthesia,Injection,"Jiangsu Hengrui Pharmaceuticals Co., Ltd.",04/10/2020,DEXMEDETOMIDINE HYDROCHLORIDE IN 0.9% SODIUM CHLORIDE,INTRAVENOUS
178,Rocuronium Bromide Injection,Current,Anesthesia,Injection,"Fresenius Kabi USA, LLC",02/15/2023,ROCURONIUM,INTRAVENOUS
179,"Amphetamine Aspartate Monohydrate, Amphetamine Sulfate, Dextroamphetamine Saccharate, Dextroamphetamine Sulfate Tablet",Current,Psychiatry,Tablet,Alvogen,10/12/2022,"DEXTROAMPHETAMINE SACCHARATE, AMPHETAMINE ASPARTATE, DEXTROAMPHETAMINE SULFATE, AMPHETAMINE SULFATE TABLETS,CII",ORAL
180,Dexmedetomidine Hydrochloride Injection,Current,Anesthesia,Injection,"Fresenius Kabi USA, LLC",04/10/2020,DEXMEDETOMIDINE HYDROCHLORIDE,INTRAVENOUS
181,"Amphetamine Aspartate Monohydrate, Amphetamine Sulfate, Dextroamphetamine Saccharate, Dextroamphetamine Sulfate Tablet",Current,Psychiatry,Tablet,Alvogen,10/12/2022,"DEXTROAMPHETAMINE SACCHARATE, AMPHETAMINE ASPARTATE, DEXTROAMPHETAMINE SULFATE, AMPHETAMINE SULFATE TABLETS,CII",ORAL
182,"Lisdexamfetamine Dimesylate Tablet, Chewable",Current,Psychiatry,"Tablet, Chewable","Sun Pharmaceutical Industries, Inc.",07/14/2023,LISDEXAMFETAMINE DIMESYLATE,ORAL
183,Dextrose Monohydrate 5% Injection,Current,"Endocrinology/Metabolism, Gastroenterology, Other, Pediatric",Injection,Otsuka ICU Medical LLC,02/14/2022,DEXTROSE,INTRAVENOUS
184,Sodium Acetate Injection,Current,"Endocrinology/Metabolism, Gastroenterology, Pediatric, Total Parenteral Nutrition",Injection,Milla Pharmaceuticals,02/03/2016,SODIUM ACETATE,INTRAVENOUS
185,Irinotecan Hydrochloride Injection,To Be Discontinued,Oncology,Injection,Ingenus Pharmaceuticals LLC,02/24/2026,IRINOTECAN HYDROCHLORIDE,INTRAVENOUS
186,Dexmedetomidine Hydrochloride Injection,Current,Anesthesia,Injection,"Jiangsu Hengrui Pharmaceuticals Co., Ltd.",04/10/2020,DEXMEDETOMIDINE HYDROCHLORIDE IN 0.9% SODIUM CHLORIDE,INTRAVENOUS
187,Ketorolac Tromethamine Injection,Current,Analgesia/Addiction,Injection,"Fresenius Kabi USA, LLC",03/23/2018,KETOROLAC TROMETHAMINE,INTRAMUSCULAR
188,"Amphetamine Aspartate Monohydrate, Amphetamine Sulfate, Dextroamphetamine Saccharate, Dextroamphetamine Sulfate Tablet",Current,Psychiatry,Tablet,"Teva Pharmaceuticals USA, Inc.",10/12/2022,"DEXTROAMPHETAMINE SACCHARATE, AMPHETAMINE ASPARTATE, DEXTROAMPHETAMINE SULFATE AND AMPHETAMINE SULFATE",ORAL
189,Dextrose Monohydrate 5% Injection,Current,"Endocrinology/Metabolism, Gastroenterology, Other, Pediatric",Injection,Baxter Healthcare,02/14/2022,DEXTROSE,INTRAVENOUS
190,Azacitidine Injection,Current,Oncology,Injection,Accord Healthcare Inc.,12/21/2020,AZACITIDINE,"INTRAVENOUS, SUBCUTANEOUS"
192,Dextrose Monohydrate 5% Injection,Current,"Endocrinology/Metabolism, Gastroenterology, Other, Pediatric",Injection,B. Braun Medical Inc.,02/14/2022,DEXTROSE,INTRAVENOUS
193,"Amphetamine Aspartate Monohydrate, Amphetamine Sulfate, Dextroamphetamine Saccharate, Dextroamphetamine Sulfate Tablet",Current,Psychiatry,Tablet,"Sunrise Pharmaceutical, Inc.",10/12/2022,"DEXTROAMPHETAMINE SACCHARATE, AMPHETAMINE ASPARTATE, DEXTROAMPHETAMINE SULFATE AND AMPHETAMINE SULFATE",ORAL
194,Pemetrexed Disodium Injection,To Be Discontinued,Oncology,Injection,Eli Lilly and Co.,10/16/2025,ALIMTA,INTRAVENOUS
195,Glycopyrrolate Injection,To Be Discontinued,Anesthesia,Injection,"Fresenius Kabi USA, LLC",07/30/2026,GLYCOPYRROLATE,"INTRAMUSCULAR, INTRAVENOUS"
196,Amino Acid Injection,Current,Gastroenterology,Injection,Otsuka ICU Medical LLC,12/08/2020,AMINOSYN II,INTRAVENOUS
197,Lisdexamfetamine Dimesylate Capsule,Current,Psychiatry,Capsule,Takeda Pharmaceuticals USA Inc.,07/14/2023,VYVANSE,ORAL
198,Furosemide Injection,Current,Cardiovascular,Injection,Baxter Healthcare,04/07/2020,FUROSEMIDE,INTRAVENOUS
199,Lidocaine Hydrochloride Injection,Current,Anesthesia,Injection,"Hikma Pharmaceuticals USA, Inc.",06/13/2018,LIDOCAINE,"INFILTRATION, PERINEURAL"
200,Midazolam Hydrochloride Injection,Current,"Anesthesia, Neurology",Injection,"Hospira, Inc., a Pfizer Company",04/02/2020,MIDAZOLAM,"INTRAMUSCULAR, INTRAVENOUS"
201,"Epinephrine Bitartrate, Lidocaine Hydrochloride Injection",Current,"Anesthesia, Pediatric",Injection,"Hospira, Inc., a Pfizer Company",02/22/2012,LIDOCAINE HYDROCHLORIDE AND EPINEPHRINE,"EPIDURAL, INFILTRATION, INTRACAUDAL, PERINEURAL"
202,Tobramycin Sulfate Injection,To Be Discontinued,Anti-Infective,Injection,"Hospira, Inc., a Pfizer Company",07/17/2026,TOBRAMYCIN,"INTRAMUSCULAR, INTRAVENOUS"
203,Lidocaine Hydrochloride Injection,Current,"Anesthesia, Pediatric",Injection,"Fresenius Kabi USA, LLC",02/22/2012,XYLOCAINE,"INFILTRATION, PERINEURAL"
205,Itraconazole Capsule,To Be Discontinued,"Anti-Infective, Other",Capsule,Janssen Pharmaceuticals,02/27/2026,ITRACONAZOLE,ORAL
207,Finasteride Tablet,To Be Discontinued,Urology,Tablet,"Teva Pharmaceuticals USA, Inc.",08/19/2025,FINASTERIDE,ORAL
209,Liraglutide Injection,Current,Endocrinology/Metabolism,Injection,"Novo Nordisk, Inc.",07/18/2023,SAXENDA,SUBCUTANEOUS
210,Finasteride Tablet,To Be Discontinued,Urology,Tablet,"Teva Pharmaceuticals USA, Inc.",08/19/2025,FINASTERIDE,ORAL
211,Furosemide Injection,Current,Cardiovascular,Injection,"Meitheal Pharmaceuticals, Inc.",04/07/2020,FUROSEMIDE,"INTRAMUSCULAR, INTRAVENOUS"
212,Oxaliplatin Injection,To Be Discontinued,Oncology,Injection,"Jiangsu Hengrui Pharmaceuticals Co., Ltd.",06/29/2026,OXALIPLATIN,INTRAVENOUS
213,Furosemide Injection,Current,Cardiovascular,Injection,Accord Healthcare Inc.,04/07/2020,FUROSEMIDE,"INTRAMUSCULAR, INTRAVENOUS"
214,Bupivacaine Hydrochloride Injection,Current,Anesthesia,Injection,Aspiro Pharma Limited,02/20/2018,BUPIVACAINE HYDROCHLORIDE,"EPIDURAL, INFILTRATION, INTRACAUDAL, PERINEURAL"
215,Lisdexamfetamine Dimesylate Capsule,Current,Psychiatry,Capsule,"Sun Pharmaceutical Industries, Inc.",07/14/2023,LISDEXAMFETAMINE DIMESYLATE,ORAL
216,Furosemide Injection,Current,Cardiovascular,Injection,"Hospira, Inc., a Pfizer Company",04/07/2020,FUROSEMIDE,"INTRAMUSCULAR, INTRAVENOUS"
217,Furosemide Injection,Current,Cardiovascular,Injection,"Avet Pharmaceuticals, Inc.",04/07/2020,FUROSEMIDE,INTRAVENOUS
218,Rocuronium Bromide Injection,Current,Anesthesia,Injection,"Hikma Pharmaceuticals USA, Inc.",02/15/2023,ROCURONIUM BROMIDE,INTRAVENOUS
219,Irinotecan Hydrochloride Injection,To Be Discontinued,Oncology,Injection,Ingenus Pharmaceuticals LLC,02/24/2026,IRINOTECAN HYDROCHLORIDE,INTRAVENOUS
220,Clindamycin Phosphate Injection,Current,Anti-Infective,Injection,Baxter Healthcare,03/21/2023,CLINDAMYCIN PHOSPHATE,INTRAVENOUS
221,Methotrexate Sodium Injection,Current,"Rheumatology, Oncology",Injection,"Hikma Pharmaceuticals USA, Inc.",03/13/2023,METHOTREXATE,"INTRA-ARTERIAL, INTRAMUSCULAR, INTRATHECAL, INTRAVENOUS"
222,Hydromorphone Hydrochloride Injection,Current,Analgesia/Addiction,Injection,"Hospira, Inc., a Pfizer Company",10/31/2017,HYDROMORPHONE HYDROCHLORIDE,"INTRAMUSCULAR, INTRAVENOUS, SUBCUTANEOUS"
223,"Amphetamine Aspartate Monohydrate, Amphetamine Sulfate, Dextroamphetamine Saccharate, Dextroamphetamine Sulfate Tablet",Current,Psychiatry,Tablet,Alvogen,10/12/2022,"DEXTROAMPHETAMINE SACCHARATE, AMPHETAMINE ASPARTATE, DEXTROAMPHETAMINE SULFATE, AMPHETAMINE SULFATE TABLETS,CII",ORAL
224,"Potassium Chloride Tablet, Extended Release",To Be Discontinued,"Endocrinology/Metabolism, Gastroenterology",Tablet,"Teva Pharmaceuticals USA, Inc.",11/21/2025,POTASSIUM CHLORIDE,ORAL
226,Carboplatin Injection,Current,Oncology,Injection,Accord Healthcare Inc.,04/28/2023,CARBOPLATIN,INTRAVENOUS
227,Lisdexamfetamine Dimesylate Capsule,Current,Psychiatry,Capsule,"Elite Laboratories, Inc.",07/14/2023,LISDEXAMFETAMINE DIMESYLATE,ORAL
228,Glycopyrrolate Injection,To Be Discontinued,Anesthesia,Injection,"Fresenius Kabi USA, LLC",07/30/2026,GLYCOPYRROLATE,"INTRAMUSCULAR, INTRAVENOUS"
229,Lidocaine Hydrochloride Injection,Current,"Anesthesia, Pediatric",Injection,"Fresenius Kabi USA, LLC",02/22/2012,XYLOCAINE MPF,"EPIDURAL, INFILTRATION, INTRACAUDAL, PERINEURAL"
230,Promethazine Hydrochloride Injection,Current,"Analgesia/Addiction, Gastroenterology, Pediatric, Pulmonary/Allergy",Injection,"Hikma Pharmaceuticals USA, Inc.",11/21/2023,PHENERGAN,"INTRAMUSCULAR, INTRAVENOUS"
231,Hydrocortisone Sodium Succinate Injection,Resolved,"Pulmonary/Allergy, Dermatology, Endocrinology/Metabolism, Gastroenterology, Hematology, Neurology, Oncology, Ophthalmology, Pediatric, Renal, Rheumatology",Injection,"Hospira, Inc., a Pfizer Company",03/24/2023,SOLU-CORTEF,"INTRAMUSCULAR, INTRAVENOUS"
232,Carboplatin Injection,To Be Discontinued,Oncology,Injection,Teyro Labs,06/01/2026,CARBOPLATIN,INTRAVENOUS
233,"Amphetamine Aspartate Monohydrate, Amphetamine Sulfate, Dextroamphetamine Saccharate, Dextroamphetamine Sulfate Tablet",Current,Psychiatry,Tablet,"Teva Pharmaceuticals USA, Inc.",10/12/2022,"DEXTROAMPHETAMINE SACCHARATE, AMPHETAMINE ASPARTATE, DEXTROAMPHETAMINE SULFATE AND AMPHETAMINE SULFATE",ORAL
235,Lidocaine Hydrochloride Injection,Current,"Anesthesia, Pediatric",Injection,Anthea Pharma,02/22/2012,LIDOCAINE HYDROCHLORIDE,"EPIDURAL, INFILTRATION, INTRACAUDAL, PERINEURAL"
237,Hydromorphone Hydrochloride Injection,Current,Analgesia/Addiction,Injection,"Fresenius Kabi USA, LLC",10/31/2017,HYDROMORPHONE HYDROCHLORIDE,"INTRAMUSCULAR, INTRAVENOUS, SUBCUTANEOUS"
238,"Cefotaxime Sodium Powder, for Solution",Current,"Anti-Infective, Pediatric","Powder, For Solution","SteriMax, Inc.",02/17/2015,CEFOTAXIME,"INTRAMUSCULAR, INTRAVENOUS"
239,"Lisdexamfetamine Dimesylate Tablet, Chewable",Current,Psychiatry,"Tablet, Chewable","Sun Pharmaceutical Industries, Inc.",07/14/2023,LISDEXAMFETAMINE DIMESYLATE,ORAL
240,Hydrocortisone Sodium Succinate Injection,Resolved,"Pulmonary/Allergy, Dermatology, Endocrinology/Metabolism, Gastroenterology, Hematology, Neurology, Oncology, Ophthalmology, Pediatric, Renal, Rheumatology",Injection,"Hospira, Inc., a Pfizer Company",03/24/2023,SOLU-CORTEF,"INTRAMUSCULAR, INTRAVENOUS"
241,Lidocaine Hydrochloride Injection,Current,"Anesthesia, Pediatric",Injection,"Fresenius Kabi USA, LLC",02/22/2012,XYLOCAINE MPF,"EPIDURAL, INFILTRATION, INTRACAUDAL, PERINEURAL"
242,Belladonna and Opium Suppository,To Be Discontinued,Analgesia/Addiction,Suppository,Padagis US LLC,07/23/2026,BELLADONNA AND OPIUM,RECTAL
243,"Amphetamine Aspartate Monohydrate, Amphetamine Sulfate, Dextroamphetamine Saccharate, Dextroamphetamine Sulfate Tablet",Current,Psychiatry,Tablet,Sandoz Inc.,10/12/2022,"DEXTROAMPHETAMINE SACCHARATE, AMPHETAMINE ASPARTATE MONOHYDRATE, DEXTROAMPHETAMINE SULFATE AND AMPHETAMINE SULFATE",ORAL
244,Dexamethasone Sodium Phosphate Injection,Current,"Dermatology, Endocrinology/Metabolism, Gastroenterology, Hematology, Neurology, Oncology, Ophthalmology, Other, Pulmonary/Allergy, Rheumatology",Injection,"Fresenius Kabi USA, LLC",02/08/2019,DEXAMETHASONE SODIUM PHOSPHATE,"INTRA-ARTICULAR, INTRALESIONAL, INTRAMUSCULAR, INTRAVENOUS, SOFT TISSUE"
245,Oxaliplatin Injection,To Be Discontinued,Oncology,Injection,"Jiangsu Hengrui Pharmaceuticals Co., Ltd.",06/29/2026,OXALIPLATIN,INTRAVENOUS
246,Lisdexamfetamine Dimesylate Capsule,Current,Psychiatry,Capsule,"Hikma Pharmaceuticals USA, Inc.",07/14/2023,LISDEXAMFETAMINE DIMESYLATE,ORAL
247,Lisdexamfetamine Dimesylate Capsule,Current,Psychiatry,Capsule,"Mylan Pharmaceuticals Inc., a Viatris Company",07/14/2023,LISDEXAMFETAMINE DIMESYLATE,ORAL
248,Sodium Acetate Injection,Current,"Endocrinology/Metabolism, Gastroenterology, Pediatric, Total Parenteral Nutrition",Injection,"Hospira, Inc., a Pfizer Company",02/03/2016,SODIUM ACETATE,INTRAVENOUS
249,Ketorolac Tromethamine Injection,Current,Analgesia/Addiction,Injection,Alembic Pharmaceuticals,03/23/2018,KETOROLAC TROMETHAMINE,"INTRAMUSCULAR, INTRAVENOUS"
250,Clonazepam Tablet,Current,"Neurology, Pediatric, Psychiatry",Tablet,Cheplapharm Arzneimittel GmbH,03/10/2023,KLONOPIN,ORAL
251,"Methylphenidate Film, Extended Release",Current,Psychiatry,"Film, Extended Release","Noven Pharmaceuticals, Inc.",02/28/2025,METHYLPHENIDATE TRANSDERMAL SYSTEM,TRANSDERMAL
252,Ketorolac Tromethamine Injection,Current,Analgesia/Addiction,Injection,Alembic Pharmaceuticals,03/23/2018,KETOROLAC TROMETHAMINE,"INTRAMUSCULAR, INTRAVENOUS"
253,Lidocaine Hydrochloride Injection,Current,"Anesthesia, Pediatric",Injection,"Fresenius Kabi USA, LLC",02/22/2012,XYLOCAINE MPF,"EPIDURAL, INFILTRATION, INTRACAUDAL, PERINEURAL"
254,Sufentanil Citrate Injection,Current,"Analgesia/Addiction, Pediatric",Injection,"Hospira, Inc., a Pfizer Company",05/03/2022,SUFENTANIL CITRATE,"EPIDURAL, INTRAVENOUS"
255,"Lamotrigine Tablet, Extended Release",To Be Discontinued,Neurology,Tablet,"Par Health, Inc.",04/29/2026,LAMOTRIGINE EXTENDED RELEASE,ORAL
256,Clonazepam Tablet,Current,"Neurology, Pediatric, Psychiatry",Tablet,Aurobindo Pharma USA,03/10/2023,CLONAZEPAM,ORAL
257,Midazolam Hydrochloride Injection,Current,"Anesthesia, Neurology",Injection,"Hospira, Inc., a Pfizer Company",04/02/2020,MIDAZOLAM,"INTRAMUSCULAR, INTRAVENOUS"
258,Lasmiditan Succinate Tablet,To Be Discontinued,Neurology,Tablet,Eli Lilly and Co.,11/03/2025,REYVOW,ORAL
259,Hydrochlorothiazide Capsule,To Be Discontinued,Cardiovascular,Capsule,"Teva Pharmaceuticals USA, Inc.",11/19/2025,HYDROCHLOROTHIAZIDE,ORAL
260,Valsartan Tablet,To Be Discontinued,Cardiovascular,Tablet,"Mylan Pharmaceuticals Inc., a Viatris Company",11/19/2025,VALSARTAN,ORAL
262,"Amphetamine Aspartate Monohydrate, Amphetamine Sulfate, Dextroamphetamine Saccharate, Dextroamphetamine Sulfate Tablet",Current,Psychiatry,Tablet,Granules Pharmaceuticals Inc.,10/12/2022,"DEXTROAMPHETAMINE SACCHARATE, AMPHETAMINE ASPARTATE, DEXTROAMPHETAMINE SULFATE AND AMPHETAMINE SULFATE",ORAL
264,Lidocaine Hydrochloride Injection,Current,"Anesthesia, Pediatric",Injection,"Hospira, Inc., a Pfizer Company",02/22/2012,LIDOCAINE HYDROCHLORIDE,"EPIDURAL, INFILTRATION, INTRACAUDAL, PERINEURAL"
265,Lisdexamfetamine Dimesylate Capsule,Current,Psychiatry,Capsule,Apotex Corp.,11/01/2023,LISDEXAMFETAMINE DIMESYLATE,ORAL
267,Pramlintide Acetate Injection,To Be Discontinued,Endocrinology/Metabolism,Injection,AstraZeneca AB,10/27/2025,SYMLINPEN,SUBCUTANEOUS
268,Lidocaine Hydrochloride Injection,Current,Cardiovascular,Injection,B. Braun Medical Inc.,10/25/2017,LIDOCAINE HYDROCHLORIDE AND DEXTROSE,INTRAVENOUS
269,Carboplatin Injection,Current,Oncology,Injection,Eugia US LLC,04/28/2023,CARBOPLATIN,INTRAVENOUS
270,Phenobarbital Tablet,To Be Discontinued,"Analgesia/Addiction, Neurology, Other",Tablet,"Endo Pharmaceuticals, Inc.",10/31/2025,PHENOBARBITAL,ORAL
271,Lidocaine Hydrochloride Injection,Current,"Anesthesia, Pediatric",Injection,"Hospira, Inc., a Pfizer Company",02/22/2012,LIDOCAINE HYDROCHLORIDE,"INFILTRATION, PERINEURAL"
272,Cromolyn Sodium Concentrate,Current,Pulmonary/Allergy,Concentrate,"Rising Pharma Holdings, Inc.",11/03/2023,CROMOLYN SODIUM,ORAL
274,Glyburide Tablet,To Be Discontinued,Endocrinology/Metabolism,Tablet,Sanofi-Aventis U.S. LLC,08/10/2026,GLYBURIDE,ORAL
275,Valproate Sodium Injection,Current,Neurology,Injection,"Fresenius Kabi USA, LLC",12/30/2020,VALPROATE SODIUM,INTRAVENOUS
276,Morphine Sulfate Injection,Current,Analgesia/Addiction,Injection,Piramal Critical Care Inc.,10/31/2017,MITIGO,"EPIDURAL, INTRATHECAL"
277,Lisdexamfetamine Dimesylate Capsule,Current,Psychiatry,Capsule,"Hikma Pharmaceuticals USA, Inc.",07/14/2023,LISDEXAMFETAMINE DIMESYLATE,ORAL
279,Omeprazole Delayed Release Capsule,To Be Discontinued,Gastroenterology,,Sandoz Inc.,10/09/2025,OMEPRAZOLE,ORAL
280,Hydrocortisone Sodium Succinate Injection,Resolved,"Pulmonary/Allergy, Dermatology, Endocrinology/Metabolism, Gastroenterology, Hematology, Neurology, Oncology, Ophthalmology, Pediatric, Renal, Rheumatology",Injection,"Hospira, Inc., a Pfizer Company",03/24/2023,SOLU-CORTEF,"INTRAMUSCULAR, INTRAVENOUS"
281,Belladonna and Opium Suppository,To Be Discontinued,Analgesia/Addiction,Suppository,Padagis US LLC,07/23/2026,BELLADONNA AND OPIUM,RECTAL
282,Morphine Sulfate Injection,Current,Analgesia/Addiction,Injection,"Hospira, Inc., a Pfizer Company",10/31/2017,MORPHINE SULFATE,INTRAVENOUS
283,Lisdexamfetamine Dimesylate Capsule,Current,Psychiatry,Capsule,Amneal Pharmaceuticals,07/14/2023,LISDEXAMFETAMINE DIMESYLATE,ORAL
284,Dexmedetomidine Hydrochloride Injection,Current,Anesthesia,Injection,Amneal Pharmaceuticals,04/10/2020,DEXMEDETOMIDINE HYDROCHLORIDE,INTRAVENOUS
285,Pilocarpine Hydrochloride Tablet,To Be Discontinued,Other,Tablet,"Actavis Pharma, Inc.",09/19/2025,PILOCARPINE HYDROCHLORIDE,ORAL
427,Clonazepam Tablet,Current,"Neurology, Pediatric, Psychiatry",Tablet,"Prinston Pharmaceutical, Inc.",03/10/2023,CLONAZEPAM,ORAL
286,Insulin Lispro-aabc Injection,To Be Discontinued,Endocrinology/Metabolism,Injection,Eli Lilly and Co.,10/24/2025,LYUMJEV TEMPO PEN,SUBCUTANEOUS
287,"Bupivacaine Hydrochloride, Epinephrine Bitartrate Injection",Current,Anesthesia,Injection,"Hospira, Inc., a Pfizer Company",02/20/2018,BUPIVACAINE HYDROCHLORIDE AND EPINEPHRINE,"EPIDURAL, INTRACAUDAL, PERINEURAL"
288,Pemetrexed Disodium Injection,To Be Discontinued,Oncology,Injection,Sandoz Inc.,10/10/2025,PEMETREXED,INTRAVENOUS
289,"Methylphenidate Hydrochloride Tablet, Extended Release",Current,Psychiatry,Tablet,"Vertical Pharmaceuticals, LLC",07/26/2023,RELEXXII,ORAL
290,Fentanyl Citrate Injection,Current,"Analgesia/Addiction, Pediatric",Injection,"Hikma Pharmaceuticals USA, Inc.",12/20/2023,FENTANYL CITRATE,"INTRAMUSCULAR, INTRAVENOUS"
291,Ritonavir Tablet,To Be Discontinued,Antiviral,Tablet,AbbVie Inc.,07/24/2026,NORVIR,ORAL
292,Lisdexamfetamine Dimesylate Capsule,Current,Psychiatry,Capsule,"Lannett Company, Inc.",07/14/2023,LISDEXAMFETAMINE DIMESYLATE,ORAL
293,Clonazepam Tablet,Current,"Neurology, Pediatric, Psychiatry",Tablet,"Teva Pharmaceuticals USA, Inc.",03/10/2023,CLONAZEPAM,ORAL
294,Rocuronium Bromide Injection,Current,Anesthesia,Injection,"Hospira, Inc., a Pfizer Company",02/15/2023,ROCURONIUM BROMIDE,INTRAVENOUS
295,"Amphetamine Aspartate Monohydrate, Amphetamine Sulfate, Dextroamphetamine Saccharate, Dextroamphetamine Sulfate Tablet",Current,Psychiatry,Tablet,"Teva Pharmaceuticals USA, Inc.",10/12/2022,ADDERALL,ORAL
296,Dextrose Monohydrate 5% Injection,Current,"Endocrinology/Metabolism, Gastroenterology, Other, Pediatric",Injection,Baxter Healthcare,02/14/2022,DEXTROSE,INTRAVENOUS
297,Atropine Sulfate Injection,Current,"Anesthesia, Neurology, Pediatric",Injection,Accord Healthcare Inc.,01/01/2012,ATROPINE SULFATE,"ENDOTRACHEAL, INTRAMEDULLARY, INTRAMUSCULAR, INTRAVENOUS, SUBCUTANEOUS"
298,"Amphetamine Aspartate Monohydrate, Amphetamine Sulfate, Dextroamphetamine Saccharate, Dextroamphetamine Sulfate Tablet",Current,Psychiatry,Tablet,"Sunrise Pharmaceutical, Inc.",10/12/2022,"DEXTROAMPHETAMINE SACCHARATE, AMPHETAMINE ASPARTATE, DEXTROAMPHETAMINE SULFATE AND AMPHETAMINE SULFATE",ORAL
299,Cefepime Hydrochloride Injection,To Be Discontinued,Anti-Infective,Injection,"Fresenius Kabi USA, LLC",02/10/2026,CEFEPIME,INTRAVENOUS
300,Quinapril Hydrochloride Tablet,Current,Cardiovascular,Tablet,Chartwell Molecular Holdings LLC,01/19/2023,QUINAPRIL,ORAL
301,Lisdexamfetamine Dimesylate Capsule,Current,Psychiatry,Capsule,"Teva Pharmaceuticals USA, Inc.",07/14/2023,LISDEXAMFETAMINE DIMESYLATE,ORAL
302,"Epinephrine Bitartrate, Lidocaine Hydrochloride Injection",Current,"Anesthesia, Pediatric",Injection,"Hospira, Inc., a Pfizer Company",02/22/2012,LIDOCAINE HYDROCHLORIDE AND EPINEPHRINE,"INFILTRATION, PERINEURAL"
303,Quinapril Hydrochloride Tablet,Current,Cardiovascular,Tablet,"Solco Healthcare US, LLC",01/19/2023,QUINAPRIL,ORAL
304,Lidocaine Hydrochloride Injection,Current,"Anesthesia, Pediatric",Injection,"Hospira, Inc., a Pfizer Company",02/22/2012,LIDOCAINE HYDROCHLORIDE,"INFILTRATION, PERINEURAL"
305,Amino Acid Injection,Current,Gastroenterology,Injection,Baxter Healthcare,12/08/2020,PROSOL,INTRAVENOUS
307,Lorazepam Injection,Current,Neurology,Injection,"Amphastar Pharmaceuticals, Inc.",05/03/2018,LORAZEPAM,"INTRAMUSCULAR, INTRAVENOUS"
308,Etomidate Injection,Current,Anesthesia,Injection,Eugia US LLC,10/05/2022,ETOMIDATE,INTRAVENOUS
309,Rifampin Capsule,Current,Anti-Infective,Capsule,"Epic Pharma, LLC",12/22/2021,RIFAMPIN,ORAL
310,Liraglutide Injection,Current,Endocrinology/Metabolism,Injection,"Meitheal Pharmaceuticals, Inc.",07/18/2023,LIRAGLUTIDE,SUBCUTANEOUS
311,Clonazepam Tablet,Current,"Neurology, Pediatric, Psychiatry",Tablet,Accord Healthcare Inc.,03/10/2023,CLONAZEPAM,ORAL
312,Ramelteon Tablet,To Be Discontinued,Psychiatry,Tablet,Takeda Pharmaceuticals USA Inc.,03/19/2026,ROZEREM,ORAL
313,Peginterferon alfa-2a Injection,Current,Antiviral,Injection,pharmaand GmbH (pharma&),01/24/2025,PEGASYS,SUBCUTANEOUS
314,Hydromorphone Hydrochloride Injection,Current,Analgesia/Addiction,Injection,"Hospira, Inc., a Pfizer Company",10/31/2017,HYDROMORPHONE HYDROCHLORIDE,"INTRAMUSCULAR, INTRAVENOUS, SUBCUTANEOUS"
315,Tiagabine Hydrochloride Tablet,To Be Discontinued,Neurology,Tablet,"Teva Pharmaceuticals USA, Inc.",04/15/2026,TIAGABINE HYDROCHLORIDE,ORAL
316,Maraviroc Solution,To Be Discontinued,Antiviral,Solution,ViiV Healthcare Company,01/20/2026,SELZENTRY,
317,Dexmedetomidine Hydrochloride Injection,Current,Anesthesia,Injection,Accord Healthcare Inc.,04/10/2020,DEXMEDETOMIDINE,INTRAVENOUS
318,Somatropin Injection,To Be Discontinued,Endocrinology/Metabolism,Injection,"Novo Nordisk, Inc.",11/14/2025,NORDITROPIN,SUBCUTANEOUS
320,Fondaparinux Sodium Injection,To Be Discontinued,Hematology,Injection,"Jiangsu Hengrui Pharmaceuticals Co. (US Agent eVenus Pharmaceutical Laboratories, Inc.)",09/29/2025,FONDAPARINUX SODIUM,SUBCUTANEOUS
321,Azacitidine Injection,Current,Oncology,Injection,Armas Pharmaceuticals Inc,12/18/2020,AZACITIDINE,"INTRAVENOUS, SUBCUTANEOUS"
322,Lisdexamfetamine Dimesylate Capsule,Current,Psychiatry,Capsule,"Teva Pharmaceuticals USA, Inc.",07/14/2023,LISDEXAMFETAMINE DIMESYLATE,ORAL
323,Clonazepam Tablet,Current,"Neurology, Pediatric, Psychiatry",Tablet,Rubicon Research Private Limited,03/10/2023,CLONAZEPAM,ORAL
324,Ropivacaine Hydrochloride Injection,Current,Anesthesia,Injection,"Caplin Steriles, Ltd.",12/22/2020,ROPIVACAINE HYDROCHLORIDE,"EPIDURAL, INFILTRATION, PERINEURAL"
325,"Montelukast Sodium Tablet, Chewable",To Be Discontinued,Pulmonary/Allergy,"Tablet, Chewable",Organon,11/17/2025,SINGULAIR,ORAL
326,Furosemide Injection,Current,Cardiovascular,Injection,Gland Pharma Limited,04/07/2020,FUROSEMIDE,"INTRAMUSCULAR, INTRAVENOUS"
327,Sodium Acetate Injection,Current,"Endocrinology/Metabolism, Gastroenterology, Pediatric, Total Parenteral Nutrition",Injection,"Somerset Therapeutics, LLC",02/03/2016,SODIUM ACETATE ANHYDROUS,INTRAVENOUS
328,"Lisdexamfetamine Dimesylate Tablet, Chewable",Current,Psychiatry,"Tablet, Chewable",Takeda Pharmaceuticals USA Inc.,07/14/2023,VYVANSE,ORAL
330,Ropivacaine Hydrochloride Injection,Current,Anesthesia,Injection,"Fresenius Kabi USA, LLC",03/23/2018,NAROPIN,"EPIDURAL, INFILTRATION"
332,Haloperidol Decanoate Injection,To Be Discontinued,Psychiatry,Injection,"Fresenius Kabi USA, LLC",01/09/2026,HALOPERIDOL DECANOATE,INTRAMUSCULAR
335,Dexamethasone Sodium Phosphate Injection,Current,"Dermatology, Endocrinology/Metabolism, Gastroenterology, Hematology, Neurology, Oncology, Ophthalmology, Other, Pulmonary/Allergy, Rheumatology",Injection,"Fresenius Kabi USA, LLC",02/08/2019,DEXAMETHASONE SODIUM PHOSPHATE,"INTRAMUSCULAR, INTRAVENOUS"
336,Sodium Bicarbonate Injection,Current,"Endocrinology/Metabolism, Gastroenterology, Pediatric",Injection,"Hospira, Inc., a Pfizer Company",03/01/2017,SODIUM BICARBONATE,INTRAVENOUS
337,Quinapril Hydrochloride Tablet,Current,Cardiovascular,Tablet,Aurobindo Pharma USA,01/19/2023,QUINAPRIL,ORAL
338,Lisdexamfetamine Dimesylate Capsule,Current,Psychiatry,Capsule,"Mylan Pharmaceuticals Inc., a Viatris Company",07/14/2023,LISDEXAMFETAMINE DIMESYLATE,ORAL
339,Carboplatin Injection,To Be Discontinued,Oncology,Injection,Teyro Labs,06/01/2026,CARBOPLATIN,INTRAVENOUS
340,Methylprednisolone Acetate Injection,Current,Rheumatology,Injection,Pfizer Inc.,12/15/2021,DEPO-MEDROL,"INTRALESIONAL, INTRAMUSCULAR, INTRASYNOVIAL, SOFT TISSUE"
341,"Epinephrine Bitartrate, Lidocaine Hydrochloride Injection",Current,"Anesthesia, Pediatric",Injection,"Hospira, Inc., a Pfizer Company",02/22/2012,LIDOCAINE HYDROCHLORIDE AND EPINEPHRINE,"INFILTRATION, PERINEURAL"
342,"Bupivacaine Hydrochloride, Epinephrine Bitartrate Injection",Current,Anesthesia,Injection,"Fresenius Kabi USA, LLC",02/20/2018,SENSORCAINE MPF,"EPIDURAL, INFILTRATION, INTRACAUDAL, PERINEURAL"
343,Peritoneal Dialysis Solution,To Be Discontinued,Renal,Solution,Fresenius Medical Care North America,03/10/2026,DELFLEX,INTRAPERITONEAL
344,Itraconazole Capsule,To Be Discontinued,"Anti-Infective, Other",Capsule,Janssen Pharmaceuticals,02/27/2026,SPORANOX,ORAL
345,Bupivacaine Hydrochloride Injection,Current,Anesthesia,Injection,ONESOURCE SPECIALTY PTE LTD,02/20/2018,BUPIVACAINE HYDROCHLORIDE,"EPIDURAL, INFILTRATION"
346,"Methylphenidate Hydrochloride Tablet, Extended Release",Current,Psychiatry,Tablet,"Vertical Pharmaceuticals, LLC",07/26/2023,RELEXXII,ORAL
347,Dexmedetomidine Hydrochloride Injection,Current,Anesthesia,Injection,Eugia US LLC,04/10/2020,DEXMEDETOMIDINE HYDROCHLORIDE,INTRAVENOUS
348,Bumetanide Injection,Current,Cardiovascular,Injection,MSN Laboratories Private Limited,12/13/2017,BUMETANIDE,"INTRAMUSCULAR, INTRAVENOUS"
349,Promethazine Hydrochloride Injection,Current,"Analgesia/Addiction, Gastroenterology, Pediatric, Pulmonary/Allergy",Injection,"Hikma Pharmaceuticals USA, Inc.",11/21/2023,PROMETHAZINE HYDROCHLORIDE,"INTRAMUSCULAR, INTRAVENOUS"
350,Lidocaine Hydrochloride Injection,Current,"Anesthesia, Pediatric",Injection,"Hospira, Inc., a Pfizer Company",02/22/2012,LIDOCAINE HYDROCHLORIDE,INTRAVENOUS
351,Amino Acid Injection,Current,Gastroenterology,Injection,B. Braun Medical Inc.,12/08/2020,PLENAMINE,INTRAVENOUS
352,Ampicillin Sodium Injection,To Be Discontinued,Anti-Infective,Injection,Sandoz Inc.,12/08/2025,AMPICILLIN,"INTRAMUSCULAR, INTRAVENOUS"
354,Bupivacaine Hydrochloride Injection,Current,Anesthesia,Injection,"Hospira, Inc., a Pfizer Company",02/20/2018,BUPIVACAINE HYDROCHLORIDE,"EPIDURAL, INFILTRATION, INTRACAUDAL, PERINEURAL"
355,Quinapril Hydrochloride Tablet,Current,Cardiovascular,Tablet,Chartwell Molecular Holdings LLC,01/19/2023,QUINAPRIL,ORAL
356,Lidocaine Hydrochloride Injection,Current,"Anesthesia, Pediatric",Injection,"Amphastar Pharmaceuticals, Inc.",02/22/2012,LIDOCAINE HYDROCHLORIDE,INTRAVENOUS
357,Carboplatin Injection,Current,Oncology,Injection,Accord Healthcare Inc.,04/28/2023,CARBOPLATIN,INTRAVENOUS
358,"Methylphenidate Hydrochloride Tablet, Extended Release",Current,Psychiatry,Tablet,"Teva Pharmaceuticals USA, Inc.",07/26/2023,METHYLPHENIDATE HYDROCHLORIDE,ORAL
359,Dextrose Monohydrate 5% Injection,Current,"Endocrinology/Metabolism, Gastroenterology, Other, Pediatric",Injection,Baxter Healthcare,02/14/2022,DEXTROSE,INTRAVENOUS
360,Bupivacaine Hydrochloride Injection,Current,Anesthesia,Injection,"Hospira, Inc., a Pfizer Company",02/20/2018,BUPIVACAINE HYDROCHLORIDE,"EPIDURAL, RETROBULBAR"
362,Lorazepam Injection,Current,Neurology,Injection,"Fresenius Kabi USA, LLC",05/03/2018,LORAZEPAM,"INTRAMUSCULAR, INTRAVENOUS"
363,Clonazepam Tablet,Current,"Neurology, Pediatric, Psychiatry",Tablet,Aurobindo Pharma USA,03/10/2023,CLONAZEPAM,ORAL
364,Propranolol Hydrochloride Injection,Current,Cardiovascular,Injection,"Hikma Pharmaceuticals USA, Inc.",10/31/2023,PROPRANOLOL HYDROCHLORIDE,INTRAVENOUS
365,Gemcitabine Hydrochloride Injection,To Be Discontinued,Oncology,Injection,"Hospira, Inc., a Pfizer Company",09/11/2025,GEMCITABINE,INTRAVENOUS
367,Quinapril/Hydrochlorothiazide Tablet,Current,Cardiovascular,Tablet,Chartwell Molecular Holdings LLC,01/19/2023,QUINAPRIL AND HYDROCHLOROTHIAZIDE,ORAL
368,Lisdexamfetamine Dimesylate Capsule,Current,Psychiatry,Capsule,"Lannett Company, Inc.",07/14/2023,LISDEXAMFETAMINE DIMESYLATE,ORAL
369,Clindamycin Phosphate Injection,Current,Anti-Infective,Injection,Baxter Healthcare,03/21/2023,CLINDAMYCIN PHOSPHATE,INTRAVENOUS
370,Morphine Sulfate Injection,Current,Analgesia/Addiction,Injection,"Fresenius Kabi USA, LLC",10/31/2017,MORPHINE SULFATE,"INTRAMUSCULAR, INTRAVENOUS"
371,Fentanyl Citrate Injection,Current,"Analgesia/Addiction, Pediatric",Injection,"Hikma Pharmaceuticals USA, Inc.",12/20/2023,FENTANYL CITRATE,"INTRAMUSCULAR, INTRAVENOUS"
372,"Calcium Chloride; Dextrose; Magnesium Chloride; Sodium Chloride; Sodium Lactate Intraperitoneal Injection, Solution",To Be Discontinued,Renal,Solution,Vantive US Healthcare LLC,08/03/2026,DIANEAL LOW CALCIUM WITH DEXTROSE,INTRAPERITONEAL
373,Rocuronium Bromide Injection,Current,Anesthesia,Injection,Sandoz Inc.,02/15/2023,ROCURONIUM BROMIDE,INTRAVENOUS
374,Lisdexamfetamine Dimesylate Capsule,Current,Psychiatry,Capsule,Rhodes Pharmaceuticals L.P.,07/14/2023,LISDEXAMFETAMINE DIMESYLATE,ORAL
375,Clonazepam Tablet,Current,"Neurology, Pediatric, Psychiatry",Tablet,Cheplapharm Arzneimittel GmbH,03/10/2023,KLONOPIN,ORAL
376,Atropine Sulfate Injection,Current,"Anesthesia, Neurology, Pediatric",Injection,"Amphastar Pharmaceuticals, Inc.",01/01/2020,ATROPINE SULFATE,INTRAVENOUS
377,Fondaparinux Sodium Injection,To Be Discontinued,Hematology,Injection,"Jiangsu Hengrui Pharmaceuticals Co. (US Agent eVenus Pharmaceutical Laboratories, Inc.)",09/29/2025,FONDAPARINUX SODIUM,SUBCUTANEOUS
378,Celecoxib Capsule,To Be Discontinued,Analgesia/Addiction,Capsule,"Teva Pharmaceuticals USA, Inc.",08/15/2025,CELECOXIB,ORAL
379,Ropivacaine Hydrochloride Injection,Current,Anesthesia,Injection,Eugia US LLC,03/23/2018,ROPIVACAINE HYDROCHLORIDE,EPIDURAL
380,"Lisdexamfetamine Dimesylate Tablet, Chewable",Current,Psychiatry,"Tablet, Chewable",Takeda Pharmaceuticals USA Inc.,07/14/2023,VYVANSE,ORAL
381,Amino Acid Injection,Current,Gastroenterology,Injection,Baxter Healthcare,12/08/2020,CLINISOL,INTRAVENOUS
382,Pentamidine Isethionate Injection,To Be Discontinued,Anti-Infective,Injection,"XGen Pharmaceuticals DJB, Inc.",03/23/2026,PENTAMIDINE ISETHIONATE,"INTRAMUSCULAR, INTRAVENOUS"
383,Furosemide Injection,Current,Cardiovascular,Injection,Gland Pharma Limited,04/07/2020,FUROSEMIDE,"INTRAMUSCULAR, INTRAVENOUS"
384,Clindamycin Phosphate Injection,To Be Discontinued,Anti-Infective,Injection,Pfizer Inc.,06/01/2026,CLEOCIN PHOSPHATE,"INTRAMUSCULAR, INTRAVENOUS"
385,"Bupivacaine Hydrochloride, Epinephrine Bitartrate Injection",Current,Anesthesia,Injection,"Fresenius Kabi USA, LLC",02/20/2018,SENSORCAINE MPF,"EPIDURAL, INFILTRATION, INTRACAUDAL, PERINEURAL"
386,Methylprednisolone Acetate Injection,Current,Rheumatology,Injection,Eugia US LLC,12/15/2021,METHYLPREDNISOLONE ACETATE,"INTRA-ARTICULAR, INTRALESIONAL, INTRAMUSCULAR, SOFT TISSUE"
387,"Donepezil Hydrochloride; Memantine Hydrochloride Capsule, Extended Release",To Be Discontinued,Neurology,"Capsule, Extended Release",Amneal Pharmaceuticals,06/15/2026,MEMANTINE AND DONEPEZIL HYDROCHLORIDES EXTENDED-RELEASE,ORAL
388,Ropivacaine Hydrochloride Injection,Current,Anesthesia,Injection,"Somerset Therapeutics, LLC",03/23/2018,ROPIVACAINE HYDROCHLORIDE,"EPIDURAL, INFILTRATION, PERINEURAL"
389,Lidocaine Hydrochloride Injection,Current,"Anesthesia, Pediatric",Injection,"Fresenius Kabi USA, LLC",02/22/2012,XYLOCAINE MPF,"EPIDURAL, INFILTRATION, INTRACAUDAL, PERINEURAL"
390,Dextrose Monohydrate 5% Injection,Current,"Endocrinology/Metabolism, Gastroenterology, Other, Pediatric",Injection,B. Braun Medical Inc.,02/14/2022,DEXTROSE,INTRAVENOUS
391,Voriconazole Injection,To Be Discontinued,Antiviral,Injection,Pfizer Inc.,10/16/2025,VFEND,INTRAVENOUS
392,Meperidine Hydrochloride Injection,Current,Analgesia/Addiction,Injection,"Hikma Pharmaceuticals USA, Inc.",05/30/2025,MEPERIDINE HYDROCHLORIDE,"INTRAMUSCULAR, INTRAVENOUS, SUBCUTANEOUS"
394,Quinapril/Hydrochlorothiazide Tablet,Current,Cardiovascular,Tablet,Aurobindo Pharma USA,01/19/2023,QUINAPRIL HYDROCHLORIDE/HYDROCHLOROTHIAZIDE,ORAL
395,"Guanfacine Hydrochloride Tablet, Extended Release",To Be Discontinued,Psychiatry,Tablet,"Actavis Pharma, Inc.",11/13/2025,GUANFACINE,ORAL
396,"Dehydrated Alcohol Injection, Solution",To Be Discontinued,Cardiovascular,Injection,Accord Healthcare Inc.,05/27/2026,DEHYDRATED ALCOHOL,PERCUTANEOUS
397,Bumetanide Injection,Current,Cardiovascular,Injection,MSN Laboratories Private Limited,12/13/2017,BUMETANIDE,"INTRAMUSCULAR, INTRAVENOUS"
398,"Methylphenidate Hydrochloride Tablet, Extended Release",Current,Psychiatry,Tablet,"Trigen Laboratories, LLC",07/26/2023,METHYLPHENIDATE HYDROCHLORIDE,ORAL
399,Dexamethasone Sodium Phosphate Injection,Current,"Dermatology, Endocrinology/Metabolism, Gastroenterology, Hematology, Neurology, Oncology, Ophthalmology, Other, Pulmonary/Allergy, Rheumatology",Injection,"Fresenius Kabi USA, LLC",02/08/2019,DEXAMETHASONE SODIUM PHOSPHATE,"INTRAMUSCULAR, INTRAVENOUS"
400,Remifentanil Hydrochloride Injection,Current,Analgesia/Addiction,Injection,"Fresenius Kabi USA, LLC",06/28/2022,REMIFENTANIL HYDROCHLORIDE,INTRAVENOUS
401,Hydromorphone Hydrochloride Injection,Current,Analgesia/Addiction,Injection,"Hospira, Inc., a Pfizer Company",10/31/2017,HYDROMORPHONE HYDROCHLORIDE,"INTRAMUSCULAR, INTRAVENOUS, SUBCUTANEOUS"
402,Dexmedetomidine Hydrochloride Injection,Current,Anesthesia,Injection,HQ Specialty Pharma,04/10/2020,DEXMEDETOMIDINE IN DEXTROSE,INTRAVENOUS
404,Ampicillin Sodium Injection,To Be Discontinued,Anti-Infective,Injection,Sandoz Inc.,12/08/2025,AMPICILLIN,INTRAVENOUS
405,Dextrose Monohydrate 5% Injection,Current,"Endocrinology/Metabolism, Gastroenterology, Other, Pediatric",Injection,Otsuka ICU Medical LLC,02/14/2022,DEXTROSE,INTRAVENOUS
406,Rocuronium Bromide Injection,Current,Anesthesia,Injection,"Fresenius Kabi USA, LLC",02/15/2023,ROCURONIUM,INTRAVENOUS
407,Itraconazole Capsule,To Be Discontinued,"Anti-Infective, Other",Capsule,Janssen Pharmaceuticals,02/27/2026,SPORANOX,ORAL
408,Dexmedetomidine Hydrochloride Injection,Current,Anesthesia,Injection,Pfizer Inc.,04/10/2020,PRECEDEX,INTRAVENOUS
409,Acetaminophen; Oxycodone Hydrochloride Tablet,To Be Discontinued,Analgesia/Addiction,Tablet,"Endo Pharmaceuticals, Inc.",11/03/2025,ENDOCET,ORAL
411,Flurazepam Hydrochloride Capsule,Current,"Oncology, Other",Capsule,Chartwell Molecular Holdings LLC,08/03/2022,FLURAZEPAM HYDROCHLORIDE,ORAL
412,Bupivacaine Hydrochloride Injection,Current,Anesthesia,Injection,"Fresenius Kabi USA, LLC",02/20/2018,SENSORCAINE MPF,"EPIDURAL, INFILTRATION, INTRACAUDAL, PERINEURAL"
413,"Lisdexamfetamine Dimesylate Tablet, Chewable",Current,Psychiatry,"Tablet, Chewable","Sun Pharmaceutical Industries, Inc.",07/14/2023,LISDEXAMFETAMINE DIMESYLATE,ORAL
414,Etomidate Injection,Current,Anesthesia,Injection,"Caplin Steriles, Ltd.",10/05/2022,ETOMIDATE,INTRAVENOUS
415,Celecoxib Capsule,To Be Discontinued,Analgesia/Addiction,Capsule,"Teva Pharmaceuticals USA, Inc.",08/15/2025,CELECOXIB,ORAL
416,Methylprednisolone Acetate Injection,Current,Rheumatology,Injection,Pfizer Inc.,12/15/2021,DEPO-MEDROL,"INTRALESIONAL, INTRAMUSCULAR, INTRASYNOVIAL, SOFT TISSUE"
417,"Epinephrine Bitartrate, Lidocaine Hydrochloride Injection",Current,"Anesthesia, Pediatric",Injection,"Fresenius Kabi USA, LLC",10/14/2016,XYLOCAINE,"INFILTRATION, PERINEURAL"
418,Ropivacaine Hydrochloride Injection,Current,Anesthesia,Injection,"Fresenius Kabi USA, LLC",03/23/2018,NAROPIN,"EPIDURAL, INFILTRATION"
419,Lisdexamfetamine Dimesylate Capsule,Current,Psychiatry,Capsule,"Mylan Pharmaceuticals Inc., a Viatris Company",07/14/2023,LISDEXAMFETAMINE DIMESYLATE,ORAL
420,Dextrose Monohydrate 70% Injection,Current,"Endocrinology/Metabolism, Gastroenterology, Other, Pediatric",Injection,Baxter Healthcare,10/11/2024,DEXTROSE,INTRAVENOUS
421,Clindamycin Phosphate Injection,To Be Discontinued,Anti-Infective,Injection,Pfizer Inc.,06/01/2026,CLEOCIN PHOSPHATE,"INTRAMUSCULAR, INTRAVENOUS"
422,Morphine Sulfate Injection,Current,Analgesia/Addiction,Injection,"Hikma Pharmaceuticals USA, Inc.",11/03/2017,MORPHINE SULFATE,INTRAVENOUS
423,Fentanyl Citrate Injection,Current,"Analgesia/Addiction, Pediatric",Injection,"Hikma Pharmaceuticals USA, Inc.",12/20/2023,FENTANYL CITRATE,"INTRAMUSCULAR, INTRAVENOUS"
425,Lisdexamfetamine Dimesylate Capsule,Current,Psychiatry,Capsule,Rhodes Pharmaceuticals L.P.,07/14/2023,LISDEXAMFETAMINE DIMESYLATE,ORAL
426,Activated Charcoal Oral Suspension,To Be Discontinued,Other,Oral Suspension,Padagis US LLC,05/15/2026,ACTIDOSE,ORAL
428,Morphine Sulfate Suppository,To Be Discontinued,Analgesia/Addiction,Suppository,Padagis US LLC,07/23/2026,MORPHINE SULFATE,RECTAL
429,Fentanyl Citrate Injection,Current,"Analgesia/Addiction, Pediatric",Injection,"Fresenius Kabi USA, LLC",01/01/2012,FENTANYL CITRATE,"INTRAMUSCULAR, INTRAVENOUS"
430,Bumetanide Injection,Current,Cardiovascular,Injection,Mullan Pharmaceutical Inc.,12/13/2017,BUMETANIDE,"INTRAMUSCULAR, INTRAVENOUS"
431,Lisdexamfetamine Dimesylate Capsule,Current,Psychiatry,Capsule,Takeda Pharmaceuticals USA Inc.,07/14/2023,VYVANSE,ORAL
432,"Amphetamine Aspartate Monohydrate, Amphetamine Sulfate, Dextroamphetamine Saccharate, Dextroamphetamine Sulfate Tablet",Current,Psychiatry,Tablet,"Elite Laboratories, Inc.",10/12/2022,"DEXTROAMPHETAMINE SACCHARATE, AMPHETAMINE ASPARTATE, DEXTROAMPHETAMINE SULFATE AND AMPHETAMINE SULFATE",ORAL
433,Dexmedetomidine Hydrochloride Injection,Current,Anesthesia,Injection,HQ Specialty Pharma,04/10/2020,DEXMEDETOMIDINE,INTRAVENOUS
434,Riboflavin 5-phosphate  Ophthalmic Solution,To Be Discontinued,Ophthalmology,Ophthalmic Solution,Glaukos Corporation,01/20/2026,PHOTREXA CROSS-LINKING KIT,
435,Hydrocortisone Sodium Succinate Injection,Resolved,"Dermatology, Endocrinology/Metabolism, Gastroenterology, Hematology, Neurology, Oncology, Ophthalmology, Pediatric, Pulmonary/Allergy, Renal, Rheumatology",Injection,Cipla Limited,03/24/2023,HYDROCORTISONE SODIUM SUCCINATE,"INTRAMUSCULAR, INTRAVENOUS"
436,Clonazepam Tablet,Current,"Neurology, Pediatric, Psychiatry",Tablet,Rubicon Research Private Limited,03/10/2023,CLONAZEPAM,ORAL
437,Methylprednisolone Acetate Injection,Current,Rheumatology,Injection,Pfizer Inc.,12/15/2021,DEPO-MEDROL,"INTRALESIONAL, INTRAMUSCULAR, INTRASYNOVIAL, SOFT TISSUE, INTRA-ARTICULAR"
438,Hydrochlorothiazide Capsule,To Be Discontinued,Cardiovascular,Capsule,"Teva Pharmaceuticals USA, Inc.",11/19/2025,HYDROCHLOROTHIAZIDE,ORAL
440,Peritoneal Dialysis Solution,To Be Discontinued,Renal,Solution,Fresenius Medical Care North America,03/10/2026,DELFLEX,INTRAPERITONEAL
441,Fosaprepitant Dimeglumine Injection,To Be Discontinued,Gastroenterology,Injection,"Fresenius Kabi USA, LLC",04/08/2026,FOSAPREPITANT,INTRAVENOUS
442,Bupivacaine Hydrochloride Injection,Current,Anesthesia,Injection,Eugia US LLC,02/20/2018,BUPIVACAINE HYDROCHLORIDE,"EPIDURAL, RETROBULBAR"
444,Etomidate Injection,Current,Anesthesia,Injection,"Caplin Steriles, Ltd.",10/05/2022,ETOMIDATE,INTRAVENOUS
445,Decitabine Injection,To Be Discontinued,Oncology,Injection,Ingenus Pharmaceuticals LLC,02/20/2026,DECITABINE,INTRAVENOUS
447,Gadobutrol Injection,To Be Discontinued,Medical Imaging,Injection,"Jiangsu Hengrui Pharmaceuticals Co., Ltd.",06/30/2026,GADOBUTROL,INTRAVENOUS
449,Methotrexate Sodium Injection,Current,"Rheumatology, Oncology",Injection,"Teva Pharmaceuticals USA, Inc.",03/13/2023,METHOTREXATE,"INTRA-ARTERIAL, INTRAMUSCULAR, INTRATHECAL, INTRAVENOUS"
450,Furosemide Injection,Current,Cardiovascular,Injection,"Meitheal Pharmaceuticals, Inc.",04/07/2020,FUROSEMIDE,"INTRAMUSCULAR, INTRAVENOUS"
451,"Amphetamine Aspartate Monohydrate, Amphetamine Sulfate, Dextroamphetamine Saccharate, Dextroamphetamine Sulfate Tablet",Current,Psychiatry,Tablet,Granules Pharmaceuticals Inc.,10/12/2022,"DEXTROAMPHETAMINE SACCHARATE, AMPHETAMINE ASPARTATE, DEXTROAMPHETAMINE SULFATE AND AMPHETAMINE SULFATE",ORAL
452,Quinapril/Hydrochlorothiazide Tablet,Current,Cardiovascular,Tablet,Chartwell Molecular Holdings LLC,01/19/2023,QUINAPRIL AND HYDROCHLOROTHIAZIDE,ORAL
453,Glyburide Tablet,To Be Discontinued,Endocrinology/Metabolism,Tablet,Sanofi-Aventis U.S. LLC,08/10/2026,GLYBURIDE,ORAL
454,Clindamycin Hydrochloride Capsule,To Be Discontinued,Anti-Infective,Capsule,Pfizer Inc.,02/25/2026,CLEOCIN HYDROCHLORIDE,ORAL
455,Methylprednisolone Acetate Injection,Current,Rheumatology,Injection,Sagent Pharmaceuticals,12/15/2021,METHYLPREDNISOLONE ACETATE,"INTRA-ARTICULAR, INTRALESIONAL, INTRAMUSCULAR, INTRASYNOVIAL, SOFT TISSUE"
456,Furosemide Injection,Current,Cardiovascular,Injection,"Avet Pharmaceuticals, Inc.",04/07/2020,FUROSEMIDE,INTRAVENOUS
458,Sterile Water Injection,Current,Other,Injection,"Fresenius Kabi USA, LLC",11/23/2021,STERILE WATER,"INTRAMUSCULAR, INTRAVENOUS, SUBCUTANEOUS"
459,Liraglutide Injection,Current,Endocrinology/Metabolism,Injection,"Meitheal Pharmaceuticals, Inc.",07/18/2023,LIRAGLUTIDE,SUBCUTANEOUS
460,Dexmedetomidine Hydrochloride Injection,Current,Anesthesia,Injection,Pfizer Inc.,04/10/2020,PRECEDEX,INTRAVENOUS
461,Pilocarpine Hydrochloride Ophthalmic Solution,To Be Discontinued,Ophthalmology,Ophthalmic Solution,AbbVie Inc.,03/24/2026,VUITY,OPHTHALMIC
462,Lasmiditan Succinate Tablet,To Be Discontinued,Neurology,Tablet,Eli Lilly and Co.,11/03/2025,REYVOW,ORAL
463,Dexmedetomidine Hydrochloride Injection,Current,Anesthesia,Injection,Gland Pharma Limited,04/10/2020,DEXMEDETOMIDINE,INTRAVENOUS
464,Ropivacaine Hydrochloride Injection,Current,Anesthesia,Injection,"Somerset Therapeutics, LLC",03/23/2018,ROPIVACAINE HYDROCHLORIDE,"EPIDURAL, INFILTRATION, PERINEURAL"
465,Insulin Lispro Injection,To Be Discontinued,Endocrinology/Metabolism,Injection,Eli Lilly and Co.,10/24/2025,HUMALOG TEMPO PEN,SUBCUTANEOUS
466,Dacomitinib Tablet,To Be Discontinued,Oncology,Tablet,Pfizer Inc.,06/08/2026,VIZIMPRO,ORAL
467,Midazolam Hydrochloride Injection,Current,"Anesthesia, Neurology",Injection,"Fresenius Kabi USA, LLC",04/02/2020,MIDAZOLAM,"INTRAMUSCULAR, INTRAVENOUS"
468,Hydromorphone Hydrochloride Injection,Current,Analgesia/Addiction,Injection,"Hospira, Inc., a Pfizer Company",10/31/2017,HYDROMORPHONE HYDROCHLORIDE,"INTRAMUSCULAR, INTRAVENOUS, SUBCUTANEOUS"
469,Dextrose Monohydrate 5% Injection,Current,"Endocrinology/Metabolism, Gastroenterology, Other, Pediatric",Injection,B. Braun Medical Inc.,02/14/2022,DEXTROSE,INTRAVENOUS
470,Ropivacaine Hydrochloride Injection,Current,Anesthesia,Injection,"Fresenius Kabi USA, LLC",03/23/2018,NAROPIN,"EPIDURAL, INFILTRATION, PERINEURAL"
471,Lidocaine Hydrochloride Injection,Current,Cardiovascular,Injection,B. Braun Medical Inc.,10/25/2017,LIDOCAINE HYDROCHLORIDE AND DEXTROSE,INTRAVENOUS
473,Morphine Sulfate Tablet,To Be Discontinued,Analgesia/Addiction,Tablet,"Upsher-Smith Laboratories, LLC",12/22/2025,MORPHINE SULFATE,ORAL
474,Ketorolac Tromethamine Injection,Current,Analgesia/Addiction,Injection,"Fresenius Kabi USA, LLC",03/23/2018,KETOROLAC TROMETHAMINE,"INTRAMUSCULAR, INTRAVENOUS"
564,Omeprazole Delayed Release Capsule,To Be Discontinued,Gastroenterology,,Sandoz Inc.,10/09/2025,OMEPRAZOLE,ORAL
857,Dextrose Monohydrate 5% Injection,Current,"Endocrinology/Metabolism, Gastroenterology, Other, Pediatric",Injection,Baxter Healthcare,02/14/2022,DEXTROSE,INTRAVENOUS
475,"Amphetamine Aspartate Monohydrate, Amphetamine Sulfate, Dextroamphetamine Saccharate, Dextroamphetamine Sulfate Tablet",Current,Psychiatry,Tablet,"Elite Laboratories, Inc.",10/12/2022,"DEXTROAMPHETAMINE SACCHARATE, AMPHETAMINE ASPARTATE, DEXTROAMPHETAMINE SULFATE AND AMPHETAMINE SULFATE",ORAL
476,Sodium Chloride 0.9% Injection,To Be Discontinued,"Gastroenterology, Other, Renal",Injection,"Hospira, Inc., a Pfizer Company",12/03/2025,SODIUM CHLORIDE,INTRAVENOUS
477,"Amphetamine Aspartate Monohydrate, Amphetamine Sulfate, Dextroamphetamine Saccharate, Dextroamphetamine Sulfate Tablet",Current,Psychiatry,Tablet,"Sunrise Pharmaceutical, Inc.",10/12/2022,"DEXTROAMPHETAMINE SACCHARATE, AMPHETAMINE ASPARTATE, DEXTROAMPHETAMINE SULFATE AND AMPHETAMINE SULFATE",ORAL
478,Dexmedetomidine Hydrochloride Injection,Current,Anesthesia,Injection,Baxter Healthcare,04/10/2020,DEXMEDETOMIDINE HYDROCHLORIDE IN 0.9% SODIUM CHLORIDE,INTRAVENOUS
479,Omeprazole Delayed Release Capsule,To Be Discontinued,Gastroenterology,,Sandoz Inc.,10/09/2025,OMEPRAZOLE,ORAL
480,Ketorolac Tromethamine Injection,Current,Analgesia/Addiction,Injection,"Hikma Pharmaceuticals USA, Inc.",06/06/2018,KETOROLAC TROMETHAMINE,"INTRAMUSCULAR, INTRAVENOUS"
481,Furosemide Injection,Current,Cardiovascular,Injection,Baxter Healthcare,04/07/2020,FUROSEMIDE,INTRAVENOUS
482,"Calcium Chloride; Dextrose; Magnesium Chloride; Sodium Chloride; Sodium Lactate Intraperitoneal Injection, Solution",To Be Discontinued,Renal,Solution,Vantive US Healthcare LLC,08/03/2026,DIANEAL PD-2 WITH DEXTROSE,INTRAPERITONEAL
483,Methotrexate Sodium Injection,Current,"Rheumatology, Oncology",Injection,"Hospira, Inc., a Pfizer Company",03/13/2023,METHOTREXATE,"INTRAMUSCULAR, INTRATHECAL, INTRAVENOUS, SUBCUTANEOUS"
484,Dextrose Monohydrate 50% Injection,Current,"Endocrinology/Metabolism, Gastroenterology, Pediatric",Injection,"Amphastar Pharmaceuticals, Inc.",01/13/2022,DEXTROSE MONOHYDRATE,INTRAVENOUS
485,Riluzole Oral Suspension,Current,Neurology,Oral Suspension,"EDW Pharma, Inc. (formerly Italfarmaco Pharma, Inc.)",01/26/2024,TEGLUTIK,ORAL
486,Lisdexamfetamine Dimesylate Capsule,Current,Psychiatry,Capsule,SpecGx LLC,07/14/2023,LISDEXAMFETAMINE DIMESYLATE,ORAL
487,Etomidate Injection,Current,Anesthesia,Injection,"Hospira, Inc., a Pfizer Company",10/05/2022,AMIDATE,INTRAVENOUS
488,Bupivacaine Hydrochloride Injection,Current,Anesthesia,Injection,"Fresenius Kabi USA, LLC",02/20/2018,SENSORCAINE MPF,"EPIDURAL, INTRACAUDAL, PERINEURAL, INFILTRATION"
489,Lisdexamfetamine Dimesylate Capsule,Current,Psychiatry,Capsule,SpecGx LLC,07/14/2023,LISDEXAMFETAMINE DIMESYLATE,ORAL
490,Dexmedetomidine Hydrochloride Injection,Current,Anesthesia,Injection,"Meitheal Pharmaceuticals, Inc.",04/10/2021,DEXMEDETOMIDINE,INTRAVENOUS
491,Atropine Sulfate Injection,Current,"Anesthesia, Neurology, Pediatric",Injection,"American Regent, Inc.",01/01/2012,ATROPINE SULFATE,INTRAVENOUS
492,Lidocaine Hydrochloride Injection,Current,"Anesthesia, Pediatric",Injection,"Hospira, Inc., a Pfizer Company",02/22/2012,LIDOCAINE HYDROCHLORIDE,"RETROBULBAR, TOPICAL"
493,Finasteride Tablet,To Be Discontinued,Urology,Tablet,"Teva Pharmaceuticals USA, Inc.",08/19/2025,FINASTERIDE,ORAL
494,Allopurinol Tablet,To Be Discontinued,"Oncology, Renal, Rheumatology",Tablet,"Teva Pharmaceuticals USA, Inc.",02/19/2026,ALLOPURINOL,ORAL
495,"Amphetamine Aspartate Monohydrate, Amphetamine Sulfate, Dextroamphetamine Saccharate, Dextroamphetamine Sulfate Tablet",Current,Psychiatry,Tablet,"Teva Pharmaceuticals USA, Inc.",10/12/2022,ADDERALL,ORAL
496,Dexmedetomidine Hydrochloride Injection,Current,Anesthesia,Injection,Pfizer Inc.,04/10/2020,PRECEDEX,INTRAVENOUS
497,"Potassium Chloride Tablet, Extended Release",To Be Discontinued,"Endocrinology/Metabolism, Gastroenterology",Tablet,"Teva Pharmaceuticals USA, Inc.",11/21/2025,POTASSIUM CHLORIDE,ORAL
498,Lidocaine Hydrochloride Injection,Current,"Anesthesia, Pediatric",Injection,"Hospira, Inc., a Pfizer Company",02/22/2012,LIDOCAINE HYDROCHLORIDE,"INFILTRATION, INTRAVENOUS"
499,Furosemide Injection,Current,Cardiovascular,Injection,"Meitheal Pharmaceuticals, Inc.",04/07/2020,HYDRALAZINE HYDROCHLORIDE,"INTRAMUSCULAR, INTRAVENOUS"
500,Bupivacaine Hydrochloride Injection,Current,Anesthesia,Injection,"Huons Co., Ltd",02/20/2018,BUPIVACAINE HYDROCHLORIDE,SUBARACHNOID
501,Lisdexamfetamine Dimesylate Capsule,Current,Psychiatry,Capsule,Apotex Corp.,11/01/2023,LISDEXAMFETAMINE DIMESYLATE,ORAL
502,"Amphetamine Aspartate Monohydrate, Amphetamine Sulfate, Dextroamphetamine Saccharate, Dextroamphetamine Sulfate Tablet",Current,Psychiatry,Tablet,Aurobindo Pharma USA,10/12/2022,"DEXTROAMPHETAMINE SACCHARATE, AMPHETAMINE ASPARTATE, DEXTROAMPHETAMINE SULFATE AND AMPHETAMINE SULFATE",ORAL
503,Rifampin Capsule,Current,Anti-Infective,Capsule,"Epic Pharma, LLC",12/22/2021,RIFAMPIN,ORAL
504,Acetaminophen; Oxycodone Hydrochloride Tablet,To Be Discontinued,Analgesia/Addiction,Tablet,"Endo Pharmaceuticals, Inc.",11/03/2025,ENDOCET,ORAL
505,Ketorolac Tromethamine Injection,Current,Analgesia/Addiction,Injection,Alembic Pharmaceuticals,03/23/2018,KETOROLAC TROMETHAMINE,"INTRAMUSCULAR, INTRAVENOUS"
508,Furosemide Injection,Current,Cardiovascular,Injection,Eugia US LLC,04/07/2020,FUROSEMIDE,"INTRAMUSCULAR, INTRAVENOUS"
509,Sterile Water Injection,Current,Other,Injection,Nephron Pharmaceuticals Corporation,11/23/2021,STERILE WATER,"INTRAMUSCULAR, INTRAVENOUS, SUBCUTANEOUS"
510,"Methylphenidate Hydrochloride Tablet, Extended Release",Current,Psychiatry,Tablet,"Vertical Pharmaceuticals, LLC",07/26/2023,RELEXXII,ORAL
511,Homatropine Methylbromide and Hydrocodone Bitartrate Syrup,To Be Discontinued,Analgesia/Addiction,Syrup,"Teva Pharmaceuticals USA, Inc.",09/11/2025,HYDROMET,ORAL
512,"Calcium Chloride; Dextrose; Magnesium Chloride; Sodium Chloride; Sodium Lactate Intraperitoneal Injection, Solution",To Be Discontinued,Renal,Solution,Vantive US Healthcare LLC,08/03/2026,DIANEAL LOW CALCIUM WITH DEXTROSE,INTRAPERITONEAL
513,Methylprednisolone Acetate Injection,Current,Rheumatology,Injection,Amneal Pharmaceuticals,12/15/2021,METHYLPREDNISOLONE ACETATE,"INTRA-ARTICULAR, INTRALESIONAL, INTRAMUSCULAR, SOFT TISSUE"
514,Dopamine Hydrochloride Injection,Current,Cardiovascular,Injection,"Hospira, Inc., a Pfizer Company",11/06/2017,DOPAMINE HYDROCHLORIDE,INTRAVENOUS
515,Azacitidine Injection,Current,Oncology,Injection,"Hikma Pharmaceuticals USA, Inc.",12/18/2020,AZACITIDINE,"INTRAVENOUS, SUBCUTANEOUS"
805,Lorazepam Injection,Current,Neurology,Injection,"Hikma Pharmaceuticals USA, Inc.",09/05/2018,LORAZEPAM,"INTRAMUSCULAR, INTRAVENOUS"
516,"Amphetamine Aspartate Monohydrate, Amphetamine Sulfate, Dextroamphetamine Saccharate, Dextroamphetamine Sulfate Tablet",Current,Psychiatry,Tablet,"Teva Pharmaceuticals USA, Inc.",10/12/2022,ADDERALL,ORAL
517,Hydrocortisone Sodium Succinate Injection,Resolved,"Pulmonary/Allergy, Dermatology, Endocrinology/Metabolism, Gastroenterology, Hematology, Neurology, Oncology, Ophthalmology, Pediatric, Renal, Rheumatology",Injection,"Hospira, Inc., a Pfizer Company",03/24/2023,SOLU-CORTEF,"INTRAMUSCULAR, INTRAVENOUS"
518,Clindamycin Palmitate Hydrochloride Injection,To Be Discontinued,Anti-Infective,Injection,Amneal Pharmaceuticals,03/26/2026,CLINDAMYCIN PALMITATE HYDROCHLORIDE (PEDIATRIC),ORAL
519,Midazolam Hydrochloride Injection,Current,"Anesthesia, Neurology",Injection,"Fresenius Kabi USA, LLC",04/02/2020,MIDAZOLAM,"INTRAMUSCULAR, INTRAVENOUS"
520,Etomidate Injection,Current,Anesthesia,Injection,"Hikma Pharmaceuticals USA, Inc.",10/05/2022,ETOMIDATE,INTRAVENOUS
521,Ropivacaine Hydrochloride Injection,Current,Anesthesia,Injection,"Fresenius Kabi USA, LLC",03/23/2018,NAROPIN,"EPIDURAL, INFILTRATION, PERINEURAL"
522,Lisdexamfetamine Dimesylate Capsule,Current,Psychiatry,Capsule,Apotex Corp.,11/01/2023,LISDEXAMFETAMINE DIMESYLATE,ORAL
523,Hydromorphone Hydrochloride Injection,Current,Analgesia/Addiction,Injection,"Hospira, Inc., a Pfizer Company",10/31/2017,HYDROMORPHONE HYDROCHLORIDE,"INTRAMUSCULAR, INTRAVENOUS, SUBCUTANEOUS"
524,Clindamycin Phosphate Injection,Current,Anti-Infective,Injection,Sagent Pharmaceuticals,03/21/2023,CLINDAMYCIN,"INTRAMUSCULAR, INTRAVENOUS"
525,Midazolam Hydrochloride Injection,Current,"Anesthesia, Neurology",Injection,"Hospira, Inc., a Pfizer Company",04/02/2020,MIDAZOLAM,"INTRAMUSCULAR, INTRAVENOUS"
526,"Amphetamine Aspartate Monohydrate, Amphetamine Sulfate, Dextroamphetamine Saccharate, Dextroamphetamine Sulfate Tablet",Current,Psychiatry,Tablet,"Lannett Company, Inc.",10/12/2022,"DEXTROAMPHETAMINE SACCHARATE, AMPHETAMINE ASPARTATE, DEXTROAMPHETAMINE SULFATE AND AMPHETAMINE SULFATE",ORAL
527,Semaglutide Tablet,To Be Discontinued,Endocrinology/Metabolism,Tablet,"Novo Nordisk, Inc.",06/04/2026,RYBELSUS,ORAL
528,Methotrexate Sodium Injection,Current,"Rheumatology, Oncology",Injection,"Hospira, Inc., a Pfizer Company",03/13/2023,METHOTREXATE,"INTRAMUSCULAR, INTRATHECAL, INTRAVENOUS, SUBCUTANEOUS"
529,Lisdexamfetamine Dimesylate Capsule,Current,Psychiatry,Capsule,Amneal Pharmaceuticals,07/14/2023,LISDEXAMFETAMINE DIMESYLATE,ORAL
530,Dextrose Monohydrate 50% Injection,Current,"Endocrinology/Metabolism, Gastroenterology, Pediatric",Injection,"Hospira, Inc., a Pfizer Company",01/13/2022,DEXTROSE,INTRAVENOUS
532,Hydromorphone Hydrochloride Injection,Current,Analgesia/Addiction,Injection,"Hikma Pharmaceuticals USA, Inc.",11/01/2017,HYDROMORPHONE HYDROCHLORIDE,"INTRAMUSCULAR, INTRAVENOUS, SUBCUTANEOUS"
533,Alteplase Injection,To Be Discontinued,"Cardiovascular, Hematology, Neurology",Injection,"Genentech, Inc",05/21/2026,ACTIVASE,
535,Lasmiditan Succinate Tablet,To Be Discontinued,Neurology,Tablet,Eli Lilly and Co.,11/03/2025,REYVOW,ORAL
536,Desmopressin Acetate Spray,Current,Hematology,Spray,Apotex Corp.,03/12/2021,DESMOPRESSIN ACETATE,NASAL
537,Neostigmine Methylsulfate Injection,To Be Discontinued,Analgesia/Addiction,Injection,"Fresenius Kabi USA, LLC",01/12/2026,NEOSTIGMINE METHYLSULFATE,INTRAVENOUS
538,Furosemide Injection,To Be Discontinued,Cardiovascular,Injection,Gland Pharma Limited,04/28/2026,FUROSEMIDE,"INTRAMUSCULAR, INTRAVENOUS"
539,Tiagabine Hydrochloride Tablet,To Be Discontinued,Neurology,Tablet,"Teva Pharmaceuticals USA, Inc.",04/15/2026,TIAGABINE HYDROCHLORIDE,ORAL
540,Methylprednisolone Acetate Injection,Current,Rheumatology,Injection,Amneal Pharmaceuticals,12/15/2021,METHYLPREDNISOLONE ACETATE,"INTRA-ARTICULAR, INTRALESIONAL, INTRAMUSCULAR, SOFT TISSUE"
541,Lidocaine Hydrochloride Injection,Current,"Anesthesia, Pediatric",Injection,"Hospira, Inc., a Pfizer Company",02/22/2012,LIDOCAINE HYDROCHLORIDE,"INFILTRATION, PERINEURAL"
542,Dexmedetomidine Hydrochloride Injection,Current,Anesthesia,Injection,"Par Health, USA LLC",04/10/2020,DEXMEDETOMIDINE HYDROCHLORIDE,INTRAVENOUS
543,Omeprazole Delayed Release Capsule,To Be Discontinued,Gastroenterology,,Sandoz Inc.,10/09/2025,OMEPRAZOLE,ORAL
544,Heparin Sodium Injection,Current,Hematology,Injection,B. Braun Medical Inc.,11/14/2017,HEPARIN SODIUM IN SODIUM CHLORIDE,INTRAVENOUS
545,Bupivacaine Hydrochloride Injection,Current,Anesthesia,Injection,"Somerset Therapeutics, LLC",02/20/2018,BUPIVACAINE HYDROCHLORIDE,"INFILTRATION, PERINEURAL"
546,Midazolam Hydrochloride Injection,Current,"Anesthesia, Neurology",Injection,"Fresenius Kabi USA, LLC",04/02/2020,MIDAZOLAM,"INTRAMUSCULAR, INTRAVENOUS"
547,Lidocaine Hydrochloride Injection,Current,"Anesthesia, Pediatric",Injection,"Fresenius Kabi USA, LLC",02/22/2012,XYLOCAINE MPF,"EPIDURAL, INFILTRATION, INTRACAUDAL, PERINEURAL"
548,Dexmedetomidine Hydrochloride Injection,Current,Anesthesia,Injection,Amneal Pharmaceuticals,04/10/2020,DEXMEDETOMIDINE HYDROCHLORIDE,INTRAVENOUS
550,Hydromorphone Hydrochloride Injection,Current,Analgesia/Addiction,Injection,"Fresenius Kabi USA, LLC",11/01/2017,HYDROMORPHONE HYDROCHLORIDE,"INTRAMUSCULAR, INTRAVENOUS, SUBCUTANEOUS"
551,Bupivacaine Hydrochloride Injection,Current,Anesthesia,Injection,"Somerset Therapeutics, LLC",02/20/2018,BUPIVACAINE HYDROCHLORIDE,"INFILTRATION, PERINEURAL"
552,Midazolam Hydrochloride Injection,Current,"Anesthesia, Neurology",Injection,Gland Pharma Limited,04/02/2020,MIDAZOLAM,"INTRAMUSCULAR, INTRAVENOUS"
553,"Methylphenidate Hydrochloride Tablet, Extended Release",Current,Psychiatry,Tablet,"Trigen Laboratories, LLC",07/26/2023,METHYLPHENIDATE HYDROCHLORIDE,ORAL
555,Azacitidine Injection,Current,Oncology,Injection,Eugia US LLC,12/22/2020,AZACITIDINE,"INTRAVENOUS, SUBCUTANEOUS"
556,Lisdexamfetamine Dimesylate Capsule,Current,Psychiatry,Capsule,"Hikma Pharmaceuticals USA, Inc.",07/14/2023,LISDEXAMFETAMINE DIMESYLATE,ORAL
557,Clonazepam Tablet,Current,"Neurology, Pediatric, Psychiatry",Tablet,Accord Healthcare Inc.,03/10/2023,CLONAZEPAM,ORAL
558,Quinapril Hydrochloride Tablet,Current,Cardiovascular,Tablet,"Lupin Pharmaceuticals, Inc.",01/19/2023,QUINAPRIL,ORAL
559,Lisdexamfetamine Dimesylate Capsule,Current,Psychiatry,Capsule,Rhodes Pharmaceuticals L.P.,07/14/2023,LISDEXAMFETAMINE DIMESYLATE,ORAL
561,Quinapril Hydrochloride Tablet,Current,Cardiovascular,Tablet,"Lupin Pharmaceuticals, Inc.",01/19/2023,QUINAPRIL,ORAL
562,Ketorolac Tromethamine Injection,Current,Analgesia/Addiction,Injection,"Hospira, Inc., a Pfizer Company",03/26/2018,KETOROLAC TROMETHAMINE,"INTRAMUSCULAR, INTRAVENOUS"
563,"Carbamazepine Capsule, Extended Release",To Be Discontinued,Neurology,"Capsule, Extended Release",Takeda Pharmaceuticals USA Inc.,12/19/2025,CARBATROL,ORAL
565,"Lisdexamfetamine Dimesylate Tablet, Chewable",Current,Psychiatry,"Tablet, Chewable",Takeda Pharmaceuticals USA Inc.,07/14/2023,VYVANSE,ORAL
566,Dopamine Hydrochloride Injection,Current,Cardiovascular,Injection,"Hikma Pharmaceuticals USA, Inc.",11/06/2017,DOPAMINE HYDROCHLORIDE,INTRAVENOUS
567,Rocuronium Bromide Injection,Current,Anesthesia,Injection,"Fresenius Kabi USA, LLC",02/15/2023,ROCURONIUM,INTRAVENOUS
569,Carboplatin Injection,Current,Oncology,Injection,"Avyxa Pharma, LLC",04/28/2023,KYXATA,INTRAVENOUS
570,Palonosetron Hydrochloride Injection,To Be Discontinued,Gastroenterology,Injection,"Teva Pharmaceuticals USA, Inc.",11/14/2025,PALONOSETRON HYDROCHLORIDE,INTRAVENOUS
571,Meperidine Hydrochloride Injection,Current,Analgesia/Addiction,Injection,"Hospira, Inc., a Pfizer Company",05/30/2025,DEMEROL,"INTRAMUSCULAR, INTRAVENOUS, SUBCUTANEOUS"
572,Etomidate Injection,Current,Anesthesia,Injection,"Mylan Institutional, a Viatris Company",10/05/2022,ETOMIDATE,INTRAVENOUS
573,Sodium Acetate Injection,Current,"Endocrinology/Metabolism, Gastroenterology, Pediatric, Total Parenteral Nutrition",Injection,"Hikma Pharmaceuticals USA, Inc.",02/03/2016,SODIUM ACETATE,INTRAVENOUS
574,Lidocaine Hydrochloride Injection,Current,"Anesthesia, Pediatric",Injection,"Fresenius Kabi USA, LLC",02/22/2012,XYLOCAINE,"INFILTRATION, PERINEURAL"
575,Clindamycin Phosphate Injection,Current,Anti-Infective,Injection,Baxter Healthcare,03/21/2023,CLINDAMYCIN PHOSPHATE,INTRAVENOUS
577,Morphine Sulfate Suppository,To Be Discontinued,Analgesia/Addiction,Suppository,Padagis US LLC,07/23/2026,MORPHINE SULFATE,RECTAL
578,Furosemide Oral Solution,Current,Cardiovascular,Oral Solution,"Hikma Pharmaceuticals USA, Inc.",03/31/2026,FUROSEMIDE,ORAL
579,Vancomycin Hydrochloride Injection,To Be Discontinued,Anti-Infective,Injection,"Hospira, Inc., a Pfizer Company",09/09/2025,VANCOMYCIN HYDROCHLORIDE,INTRAVENOUS
580,"Methylphenidate Hydrochloride Tablet, Extended Release",Current,Psychiatry,Tablet,"Lannett Company, Inc.",07/26/2023,METHYLPHENIDATE HYDROCHLORIDE,ORAL
581,Dextrose Monohydrate 5% Injection,Current,"Endocrinology/Metabolism, Gastroenterology, Other, Pediatric",Injection,"Fresenius Kabi USA, LLC",02/14/2022,DEXTROSE,INTRAVENOUS
582,Sodium Bicarbonate Injection,Current,"Endocrinology/Metabolism, Gastroenterology, Pediatric",Injection,"Hospira, Inc., a Pfizer Company",03/01/2017,SODIUM BICARBONATE,INTRAVENOUS
583,Methylprednisolone Acetate Injection,Current,Rheumatology,Injection,Eugia US LLC,12/15/2021,METHYLPREDNISOLONE ACETATE,"INTRA-ARTICULAR, INTRALESIONAL, INTRAMUSCULAR, SOFT TISSUE"
584,Fluphenazine Hydrochloride Tablet,To Be Discontinued,"Neurology, Psychiatry",Tablet,"Upsher-Smith Laboratories, LLC",09/18/2025,FLUPHENAZINE HYDROCHLORIDE,ORAL
585,Sodium Bicarbonate Injection,Current,"Endocrinology/Metabolism, Gastroenterology, Pediatric",Injection,"Hospira, Inc., a Pfizer Company",03/01/2017,SODIUM BICARBONATE,INTRAVENOUS
586,Lisdexamfetamine Dimesylate Capsule,Current,Psychiatry,Capsule,Amneal Pharmaceuticals,07/14/2023,LISDEXAMFETAMINE DIMESYLATE,ORAL
587,Dexamethasone Sodium Phosphate Injection,Current,"Dermatology, Endocrinology/Metabolism, Gastroenterology, Hematology, Neurology, Oncology, Ophthalmology, Other, Pulmonary/Allergy, Rheumatology",Injection,Eugia US LLC,02/08/2019,DEXAMETHASONE SODIUM PHOSPHATE,"INTRAMUSCULAR, INTRAVENOUS"
588,Rocuronium Bromide Injection,Current,Anesthesia,Injection,Piramal Critical Care Inc.,02/15/2023,ROCURONIUM,INTRAVENOUS
589,Methylprednisolone Acetate Injection,Current,Rheumatology,Injection,Pfizer Inc.,12/15/2021,DEPO-MEDROL,"INTRALESIONAL, INTRAMUSCULAR, INTRASYNOVIAL, SOFT TISSUE"
590,Furosemide Injection,Current,Cardiovascular,Injection,Baxter Healthcare,04/07/2020,FUROSEMIDE,INTRAVENOUS
592,"Lisdexamfetamine Dimesylate Tablet, Chewable",Current,Psychiatry,"Tablet, Chewable",Novadoz Pharmaceuticals LLC,07/14/2023,LISDEXAMFETAMINE DIMESYLATE,ORAL
593,Dexamethasone Sodium Phosphate Injection,Current,"Dermatology, Endocrinology/Metabolism, Gastroenterology, Hematology, Neurology, Oncology, Ophthalmology, Other, Pulmonary/Allergy, Rheumatology",Injection,"Hikma Pharmaceuticals USA, Inc.",02/08/2019,DEXAMETHASONE SODIUM PHOSPHATE,"INTRA-ARTICULAR, INTRALESIONAL, INTRAMUSCULAR, INTRAVENOUS, SOFT TISSUE"
594,Rocuronium Bromide Injection,Current,Anesthesia,Injection,"XGen Pharmaceuticals DJB, Inc.",02/15/2023,ROCURONIUM BROMIDE,INTRAVENOUS
595,Morphine Sulfate Injection,Current,Analgesia/Addiction,Injection,"Hikma Pharmaceuticals USA, Inc.",11/03/2017,MORPHINE SULFATE,INTRAVENOUS
596,"Amphetamine Aspartate Monohydrate, Amphetamine Sulfate, Dextroamphetamine Saccharate, Dextroamphetamine Sulfate Tablet",Current,Psychiatry,Tablet,SpecGx LLC,10/12/2022,DEXTROAMPHETAMINE SACCHARATE AND AMPHETAMINE ASPARTATE AND DEXTROAMPHETAMINE SULFATE AND AMPHETAMINE SULFATE,ORAL
597,Tranylcypromine Sulfate Tablet,To Be Discontinued,Psychiatry,Tablet,"Teva Pharmaceuticals USA, Inc.",10/21/2025,TRANYLCYPROMINE SULFATE,ORAL
598,Lorazepam Injection,Current,Neurology,Injection,"Hikma Pharmaceuticals USA, Inc.",09/05/2018,ATIVAN,"INTRAMUSCULAR, INTRAVENOUS"
599,Dextrose Monohydrate 10% Injection,Current,"Endocrinology/Metabolism, Gastroenterology, Other, Pediatric",Injection,B. Braun Medical Inc.,03/01/2022,DEXTROSE,INTRAVENOUS
600,Sodium Acetate Injection,Current,"Endocrinology/Metabolism, Gastroenterology, Pediatric, Total Parenteral Nutrition",Injection,"Hikma Pharmaceuticals USA, Inc.",02/03/2016,SODIUM ACETATE,INTRAVENOUS
601,Pilocarpine Hydrochloride Ophthalmic Solution,To Be Discontinued,Ophthalmology,Ophthalmic Solution,AbbVie Inc.,03/24/2026,VUITY,OPHTHALMIC
602,Lidocaine Hydrochloride Injection,Current,"Anesthesia, Pediatric",Injection,"Fresenius Kabi USA, LLC",02/22/2012,XYLOCAINE MPF,"EPIDURAL, INFILTRATION, INTRACAUDAL, PERINEURAL"
603,Amino Acid Injection,Current,Gastroenterology,Injection,Otsuka ICU Medical LLC,12/08/2020,AMINOSYN II,INTRAVENOUS
604,Morphine Sulfate Injection,Current,Analgesia/Addiction,Injection,"Hikma Pharmaceuticals USA, Inc.",11/03/2017,DURAMORPH,"EPIDURAL, INTRATHECAL, INTRAVENOUS"
606,Bumetanide Injection,Current,Cardiovascular,Injection,Sagent Pharmaceuticals,01/31/2018,BUMETANIDE,"INTRAMUSCULAR, INTRAVENOUS"
607,Omeprazole Delayed Release Capsule,To Be Discontinued,Gastroenterology,,Sandoz Inc.,10/09/2025,OMEPRAZOLE,ORAL
608,Hydromorphone Hydrochloride Injection,Current,Analgesia/Addiction,Injection,"Fresenius Kabi USA, LLC",10/31/2017,DILAUDID,"INTRAMUSCULAR, INTRAVENOUS, SUBCUTANEOUS"
609,Bupivacaine Hydrochloride Injection,Current,Anesthesia,Injection,Aspiro Pharma Limited,02/20/2018,BUPIVACAINE HYDROCHLORIDE,"EPIDURAL, INTRACAUDAL, PERINEURAL"
610,"Methylphenidate Hydrochloride Tablet, Extended Release",Current,Psychiatry,Tablet,"Trigen Laboratories, LLC",07/26/2023,METHYLPHENIDATE HYDROCHLORIDE,ORAL
612,Azelastine Hydrochloride; Fluticasone Propionate Nasal Spray,To Be Discontinued,Pulmonary/Allergy,Nasal Spray,"Mylan Pharmaceuticals Inc., a Viatris Company",09/04/2025,AZELASTINE HYDROCHLORIDE AND FLUTICASONE PROPIONATE,NASAL
613,Peritoneal Dialysis Solution,To Be Discontinued,Renal,Solution,Fresenius Medical Care North America,03/10/2026,DELFLEX,INTRAPERITONEAL
614,Ketorolac Tromethamine Injection,Current,Analgesia/Addiction,Injection,"Fresenius Kabi USA, LLC",03/23/2018,KETOROLAC TROMETHAMINE,"INTRAMUSCULAR, INTRAVENOUS"
615,"Bupivacaine Hydrochloride, Epinephrine Bitartrate Injection",Current,Anesthesia,Injection,"Hospira, Inc., a Pfizer Company",02/20/2018,MARCAINE WITH EPINEPHRINE,"EPIDURAL, INTRACAUDAL, PERINEURAL"
616,Adalimumab-adaz Injection,To Be Discontinued,Rheumatology,Injection,Sandoz Inc.,01/13/2026,HYRIMOZ,
617,Dopamine Hydrochloride Injection,Current,Cardiovascular,Injection,Baxter Healthcare,11/06/2017,DOPAMINE HYDROCHLORIDE AND DEXTROSE,INTRAVENOUS
618,Travoprost Ophthalmic Solution,To Be Discontinued,Ophthalmology,Ophthalmic Solution,"Mylan Pharmaceuticals Inc., a Viatris Company",07/07/2026,"TRAVOPROST OPHTHALMIC SOLUTION, 0.004%",OPHTHALMIC
620,Lidocaine Hydrochloride Injection,Current,"Anesthesia, Pediatric",Injection,Anthea Pharma,02/22/2012,LIDOCAINE HYDROCHLORIDE,"INFILTRATION, PERINEURAL"
621,Carboplatin Injection,Current,Oncology,Injection,Gland Pharma Limited,04/28/2023,CARBOPLATIN,INTRAVENOUS
622,Aspirin Suppository,To Be Discontinued,"Analgesia/Addiction, Cardiovascular",Suppository,Padagis US LLC,07/23/2026,ASPIRIN,RECTAL
623,"Epinephrine Bitartrate, Lidocaine Hydrochloride Injection",Current,"Anesthesia, Pediatric",Injection,"Fresenius Kabi USA, LLC",10/14/2016,XYLOCAINE,"INFILTRATION, PERINEURAL"
625,Sodium Chloride 0.9% Injection,To Be Discontinued,"Gastroenterology, Other, Renal",Injection,"Hospira, Inc., a Pfizer Company",12/03/2025,SODIUM CHLORIDE,INTRAVENOUS
626,"Amphetamine Aspartate Monohydrate, Amphetamine Sulfate, Dextroamphetamine Saccharate, Dextroamphetamine Sulfate Tablet",Current,Psychiatry,Tablet,"Teva Pharmaceuticals USA, Inc.",10/12/2022,ADDERALL,ORAL
627,Clonazepam Tablet,Current,"Neurology, Pediatric, Psychiatry",Tablet,Aurobindo Pharma USA,03/10/2023,CLONAZEPAM,ORAL
628,Quinapril Hydrochloride Tablet,Current,Cardiovascular,Tablet,Chartwell Molecular Holdings LLC,01/19/2023,QUINAPRIL,ORAL
629,Gemfibrozil Tablet,To Be Discontinued,Endocrinology/Metabolism,Tablet,Pfizer Inc.,02/10/2026,LOPID,ORAL
631,Rifampin Capsule,Current,Anti-Infective,Capsule,"Epic Pharma, LLC",12/22/2021,RIFAMPIN,ORAL
632,Lincomycin Hydrochloride Injection,To Be Discontinued,Anti-Infective,Injection,Pfizer Inc.,02/25/2026,LINCOCIN,"INTRAMUSCULAR, INTRAVENOUS, SUBCONJUNCTIVAL"
633,Carboplatin Injection,To Be Discontinued,Oncology,Injection,Teyro Labs,06/01/2026,CARBOPLATIN,INTRAVENOUS
635,Fentanyl Citrate Injection,Current,"Analgesia/Addiction, Pediatric",Injection,"Hikma Pharmaceuticals USA, Inc.",12/20/2023,FENTANYL CITRATE,INTRAVENOUS
636,Bupivacaine Hydrochloride Injection,Current,Anesthesia,Injection,Aspiro Pharma Limited,02/20/2018,BUPIVACAINE HYDROCHLORIDE,"EPIDURAL, RETROBULBAR"
637,Ropivacaine Hydrochloride Injection,Current,Anesthesia,Injection,"Somerset Therapeutics, LLC",03/23/2018,ROPIVACAINE HYDROCHLORIDE,"EPIDURAL, INFILTRATION, PERINEURAL"
638,Acetaminophen; Oxycodone Hydrochloride Tablet,To Be Discontinued,Analgesia/Addiction,Tablet,"Endo Pharmaceuticals, Inc.",11/03/2025,ENDOCET,ORAL
639,"Cefotaxime Sodium Powder, for Solution",Current,"Anti-Infective, Pediatric","Powder, For Solution","SteriMax, Inc.",02/17/2015,CEFOTAXIME,"INTRAMUSCULAR, INTRAVENOUS"
640,Pemetrexed Disodium Injection,To Be Discontinued,Oncology,Injection,Eli Lilly and Co.,10/16/2025,ALIMTA,INTRAVENOUS
641,Flurazepam Hydrochloride Capsule,Current,"Neurology, Other",Capsule,Chartwell Molecular Holdings LLC,08/03/2022,FLURAZEPAM HYDROCHLORIDE,ORAL
642,"Bupivacaine Hydrochloride, Epinephrine Bitartrate Injection",Current,Anesthesia,Injection,"Hospira, Inc., a Pfizer Company",02/20/2018,MARCAINE WITH EPINEPHRINE,"INFILTRATION, PERINEURAL"
643,Ropivacaine Hydrochloride Injection,Current,Anesthesia,Injection,"Fresenius Kabi USA, LLC",03/23/2018,NAROPIN,"EPIDURAL, INFILTRATION, PERINEURAL"
644,Lisdexamfetamine Dimesylate Capsule,Current,Psychiatry,Capsule,SpecGx LLC,07/14/2023,LISDEXAMFETAMINE DIMESYLATE,ORAL
645,Clonazepam Tablet,Current,"Neurology, Pediatric, Psychiatry",Tablet,"Prinston Pharmaceutical, Inc.",03/10/2023,CLONAZEPAM,ORAL
646,Phenobarbital Tablet,To Be Discontinued,"Analgesia/Addiction, Neurology, Other",Tablet,"Endo Pharmaceuticals, Inc.",10/31/2025,PHENOBARBITAL,ORAL
647,Gadobutrol Injection,To Be Discontinued,Medical Imaging,Injection,"Jiangsu Hengrui Pharmaceuticals Co., Ltd.",06/30/2026,GADOBUTROL,INTRAVENOUS
648,Carboplatin Injection,To Be Discontinued,Oncology,Injection,Teyro Labs,06/01/2026,CARBOPLATIN,INTRAVENOUS
649,Bupivacaine Hydrochloride Injection,Current,Anesthesia,Injection,"Fresenius Kabi USA, LLC",02/20/2018,SENSORCAINE MPF,"EPIDURAL, INTRACAUDAL, PERINEURAL, INFILTRATION"
650,"Methylphenidate Hydrochloride Tablet, Extended Release",Current,Psychiatry,Tablet,"Vertical Pharmaceuticals, LLC",07/26/2023,RELEXXII,ORAL
651,Dextrose Monohydrate 5% Injection,Current,"Endocrinology/Metabolism, Gastroenterology, Other, Pediatric",Injection,Baxter Healthcare,02/14/2022,DEXTROSE,INTRAVENOUS
652,Ropivacaine Hydrochloride Injection,Current,Anesthesia,Injection,"Fresenius Kabi USA, LLC",03/23/2018,NAROPIN,"EPIDURAL, INFILTRATION"
654,Dexmedetomidine Hydrochloride Injection,Current,Anesthesia,Injection,"Somerset Therapeutics, LLC",04/10/2020,DEXMEDETOMIDINE HYDROCHLORIDE,INTRAVENOUS
655,Sterile Water Injection,Current,Other,Injection,"Medefil, Inc.",11/23/2021,STERILE WATER,"INTRAMUSCULAR, INTRAVENOUS, SUBCUTANEOUS"
656,Lisdexamfetamine Dimesylate Capsule,Current,Psychiatry,Capsule,Apotex Corp.,11/01/2023,LISDEXAMFETAMINE DIMESYLATE,ORAL
657,"Amphetamine Aspartate Monohydrate, Amphetamine Sulfate, Dextroamphetamine Saccharate, Dextroamphetamine Sulfate Tablet",Current,Psychiatry,Tablet,Granules Pharmaceuticals Inc.,10/12/2022,"DEXTROAMPHETAMINE SACCHARATE, AMPHETAMINE ASPARTATE, DEXTROAMPHETAMINE SULFATE AND AMPHETAMINE SULFATE",ORAL
658,Remifentanil Hydrochloride Injection,Current,Analgesia/Addiction,Injection,"Mylan Institutional, a Viatris Company",06/28/2022,ULTIVA,INTRAVENOUS
806,Lisdexamfetamine Dimesylate Capsule,Current,Psychiatry,Capsule,"Hikma Pharmaceuticals USA, Inc.",07/14/2023,LISDEXAMFETAMINE DIMESYLATE,ORAL
659,"Amphetamine Aspartate Monohydrate, Amphetamine Sulfate, Dextroamphetamine Saccharate, Dextroamphetamine Sulfate Tablet",Current,Psychiatry,Tablet,SpecGx LLC,10/12/2022,DEXTROAMPHETAMINE SACCHARATE AND AMPHETAMINE ASPARTATE AND DEXTROAMPHETAMINE SULFATE AND AMPHETAMINE SULFATE,ORAL
660,Clonazepam Tablet,Current,"Neurology, Pediatric, Psychiatry",Tablet,"Prinston Pharmaceutical, Inc.",03/10/2023,CLONAZEPAM,ORAL
661,Lisdexamfetamine Dimesylate Capsule,Current,Psychiatry,Capsule,"Solco Healthcare US, LLC",07/14/2023,LISDEXAMFETAMINE DIMESYLATE,ORAL
662,Lisdexamfetamine Dimesylate Capsule,Current,Psychiatry,Capsule,"Teva Pharmaceuticals USA, Inc.",07/14/2023,LISDEXAMFETAMINE DIMESYLATE,ORAL
663,Dexamethasone Sodium Phosphate Injection,Current,"Dermatology, Endocrinology/Metabolism, Gastroenterology, Hematology, Neurology, Oncology, Ophthalmology, Other, Pulmonary/Allergy, Rheumatology",Injection,"Somerset Therapeutics, LLC",02/08/2019,DEXAMETHASONE SODIUM PHOSPHATE,"INTRAMUSCULAR, INTRAVENOUS"
664,Rocuronium Bromide Injection,Current,Anesthesia,Injection,"Hospira, Inc., a Pfizer Company",02/15/2023,ROCURONIUM BROMIDE,INTRAVENOUS
665,Hydroxychloroquine Sulfate Tablet,To Be Discontinued,"Anti-Infective, Other, Rheumatology",Tablet,"Teva Pharmaceuticals USA, Inc.",01/05/2026,HYDROXYCHLOROQUINE SULFATE,ORAL
666,Clonazepam Tablet,Current,"Neurology, Pediatric, Psychiatry",Tablet,Aurobindo Pharma USA,03/10/2023,CLONAZEPAM,ORAL
667,Technetium TC-99M Pyrophosphate Kit Injection,Current,Medical Imaging,Injection,"Sun Pharmaceutical Industries, Inc.",12/27/2023,KIT FOR THE PREPARATION OF TECHNETIUM TC99M PYROPHOSPHATE,INTRAVENOUS
668,Methotrexate Sodium Injection,Current,"Rheumatology, Oncology",Injection,"Hospira, Inc., a Pfizer Company",03/13/2023,METHOTREXATE,"INTRAMUSCULAR, INTRATHECAL, INTRAVENOUS, SUBCUTANEOUS"
669,Dextrose Monohydrate 5% Injection,Current,"Endocrinology/Metabolism, Gastroenterology, Other, Pediatric",Injection,Otsuka ICU Medical LLC,02/14/2022,DEXTROSE,INTRAVENOUS
670,Ropivacaine Hydrochloride Injection,Current,Anesthesia,Injection,"Caplin Steriles, Ltd.",12/22/2020,ROPIVACAINE HYDROCHLORIDE,"EPIDURAL, INFILTRATION, PERINEURAL"
671,Imipenem and Cilastatin Injection,To Be Discontinued,Anti-Infective,Injection,Merck Sharp & Dohme Corp.,01/08/2026,PRIMAXIN IV,INTRAVENOUS
672,"Amphetamine Aspartate Monohydrate, Amphetamine Sulfate, Dextroamphetamine Saccharate, Dextroamphetamine Sulfate Tablet",Current,Psychiatry,Tablet,Granules Pharmaceuticals Inc.,10/12/2022,"DEXTROAMPHETAMINE SACCHARATE, AMPHETAMINE ASPARTATE, DEXTROAMPHETAMINE SULFATE AND AMPHETAMINE SULFATE",ORAL
673,"Calcium Chloride; Dextrose; Magnesium Chloride; Sodium Chloride; Sodium Lactate Intraperitoneal Injection, Solution",To Be Discontinued,Renal,Solution,Vantive US Healthcare LLC,08/03/2026,DIANEAL PD-2 WITH DEXTROSE,INTRAPERITONEAL
674,Omeprazole Delayed Release Capsule,To Be Discontinued,Gastroenterology,,Sandoz Inc.,10/09/2025,OMEPRAZOLE,ORAL
675,Fentanyl Citrate Injection,Current,"Analgesia/Addiction, Pediatric",Injection,"Fresenius Kabi USA, LLC",01/01/2012,FENTANYL CITRATE,"INTRAMUSCULAR, INTRAVENOUS"
676,Bumetanide Injection,Current,Cardiovascular,Injection,MSN Laboratories Private Limited,12/13/2017,BUMETANIDE,"INTRAMUSCULAR, INTRAVENOUS"
677,Lisdexamfetamine Dimesylate Capsule,Current,Psychiatry,Capsule,"Sun Pharmaceutical Industries, Inc.",07/14/2023,LISDEXAMFETAMINE DIMESYLATE,ORAL
678,"Epinephrine Bitartrate, Lidocaine Hydrochloride Injection",Current,"Anesthesia, Pediatric",Injection,"Fresenius Kabi USA, LLC",10/14/2016,XYLOCAINE MPF,"EPIDURAL, INFILTRATION, INTRACAUDAL, PERINEURAL"
679,Bupivacaine Hydrochloride Injection,Current,Anesthesia,Injection,Kindos Pharmaceuticals Co. Ltd.,02/20/2018,BUPIVACAINE HYDROCHLORIDE,"INFILTRATION, PERINEURAL"
680,Midazolam Hydrochloride Injection,Current,"Anesthesia, Neurology",Injection,"Fresenius Kabi USA, LLC",04/02/2020,MIDAZOLAM,"INTRAMUSCULAR, INTRAVENOUS"
681,Dopamine Hydrochloride Injection,Current,Cardiovascular,Injection,"Hospira, Inc., a Pfizer Company",11/06/2017,DOPAMINE HYDROCHLORIDE IN DEXTROSE,INTRAVENOUS
682,Sodium Bicarbonate Injection,Current,"Endocrinology/Metabolism, Gastroenterology, Pediatric",Injection,"Amphastar Pharmaceuticals, Inc.",03/01/2017,SODIUM BICARBONATE,INTRAVENOUS
683,"Amphetamine Aspartate Monohydrate, Amphetamine Sulfate, Dextroamphetamine Saccharate, Dextroamphetamine Sulfate Tablet",Current,Psychiatry,Tablet,"Sunrise Pharmaceutical, Inc.",10/12/2022,"DEXTROAMPHETAMINE SACCHARATE, AMPHETAMINE ASPARTATE, DEXTROAMPHETAMINE SULFATE AND AMPHETAMINE SULFATE",ORAL
685,Lisdexamfetamine Dimesylate Capsule,Current,Psychiatry,Capsule,Alvogen,07/14/2023,LISDEXAMFETAMINE DIMESYLATE,ORAL
686,Midazolam Hydrochloride Injection,Current,"Anesthesia, Neurology",Injection,Gland Pharma Limited,04/02/2020,MIDAZOLAM,"INTRAMUSCULAR, INTRAVENOUS"
687,"Epinephrine Bitartrate, Lidocaine Hydrochloride Injection",Current,"Anesthesia, Pediatric",Injection,"Fresenius Kabi USA, LLC",10/14/2016,XYLOCAINE,"INFILTRATION, PERINEURAL"
688,Spironolactone Tablet,To Be Discontinued,Cardiovascular,Tablet,Pfizer Inc.,12/10/2025,ALDACTONE,ORAL
689,Lidocaine Hydrochloride Injection,Current,Cardiovascular,Injection,Baxter Healthcare,10/25/2017,LIDOCAINE HYDROCHLORIDE AND DEXTROSE,INTRAVENOUS
690,Dextrose Monohydrate 5% Injection,Current,"Endocrinology/Metabolism, Gastroenterology, Other, Pediatric",Injection,Otsuka ICU Medical LLC,02/14/2022,DEXTROSE,INTRAVENOUS
691,Allopurinol Tablet,To Be Discontinued,"Oncology, Renal, Rheumatology",Tablet,"Teva Pharmaceuticals USA, Inc.",02/19/2026,ALLOPURINOL,ORAL
693,"Epinephrine Bitartrate, Lidocaine Hydrochloride Injection",Current,"Anesthesia, Pediatric",Injection,"Hospira, Inc., a Pfizer Company",02/22/2012,LIDOCAINE HYDROCHLORIDE AND EPINEPHRINE,"INFILTRATION, PERINEURAL"
695,Liraglutide Injection,Current,Endocrinology/Metabolism,Injection,"Hikma Pharmaceuticals USA, Inc.",07/18/2023,LIRAGLUTIDE,SUBCUTANEOUS
696,Dextrose Monohydrate 5% Injection,Current,"Endocrinology/Metabolism, Gastroenterology, Other, Pediatric",Injection,Baxter Healthcare,02/14/2022,DEXTROSE,INTRAVENOUS
697,Lisdexamfetamine Dimesylate Capsule,Current,Psychiatry,Capsule,"Sun Pharmaceutical Industries, Inc.",07/14/2023,LISDEXAMFETAMINE DIMESYLATE,ORAL
699,Quinapril Hydrochloride Tablet,Current,Cardiovascular,Tablet,"Lupin Pharmaceuticals, Inc.",01/19/2023,QUINAPRIL,ORAL
700,Hydrocortisone Sodium Succinate Injection,Resolved,"Pulmonary/Allergy, Dermatology, Endocrinology/Metabolism, Gastroenterology, Hematology, Neurology, Oncology, Ophthalmology, Pediatric, Renal, Rheumatology",Injection,"Hospira, Inc., a Pfizer Company",03/24/2023,SOLU-CORTEF,"INTRAMUSCULAR, INTRAVENOUS"
701,"Calcium Chloride; Dextrose; Magnesium Chloride; Sodium Chloride; Sodium Lactate Intraperitoneal Injection, Solution",To Be Discontinued,Renal,Solution,Vantive US Healthcare LLC,08/03/2026,DIANEAL PD-2 WITH DEXTROSE,INTRAPERITONEAL
702,"Amphetamine Aspartate Monohydrate, Amphetamine Sulfate, Dextroamphetamine Saccharate, Dextroamphetamine Sulfate Tablet",Current,Psychiatry,Tablet,"Teva Pharmaceuticals USA, Inc.",10/12/2022,"DEXTROAMPHETAMINE SACCHARATE, AMPHETAMINE ASPARTATE, DEXTROAMPHETAMINE SULFATE AND AMPHETAMINE SULFATE",ORAL
703,Furosemide Injection,Current,Cardiovascular,Injection,Accord Healthcare Inc.,04/07/2020,FUROSEMIDE,"INTRAMUSCULAR, INTRAVENOUS"
704,Lorlatinib Tablet,To Be Discontinued,Oncology,Tablet,Pfizer Inc.,06/15/2026,LORBRENA,ORAL
705,Paricalcitol Capsule,To Be Discontinued,Endocrinology/Metabolism,Capsule,AbbVie Inc.,10/07/2025,ZEMPLAR,ORAL
707,Bupivacaine Hydrochloride Injection,Current,Anesthesia,Injection,"Hospira, Inc., a Pfizer Company",02/20/2018,BUPIVACAINE HYDROCHLORIDE,"EPIDURAL, INFILTRATION, INTRACAUDAL, PERINEURAL"
708,Lisdexamfetamine Dimesylate Capsule,Current,Psychiatry,Capsule,"Hikma Pharmaceuticals USA, Inc.",07/14/2023,LISDEXAMFETAMINE DIMESYLATE,ORAL
709,"Epinephrine Bitartrate, Lidocaine Hydrochloride Injection",Current,"Anesthesia, Pediatric",Injection,"Hospira, Inc., a Pfizer Company",02/22/2012,LIDOCAINE HYDROCHLORIDE AND EPINEPHRINE,"INFILTRATION, PERINEURAL"
711,Progesterone Vaginal Gel,To Be Discontinued,Urology,Vaginal Gel,AbbVie Inc.,03/27/2026,CRINONE,VAGINAL
713,Bupivacaine Hydrochloride Injection,Current,Anesthesia,Injection,"Hospira, Inc., a Pfizer Company",02/20/2018,MARCAINE,"EPIDURAL, RETROBULBAR"
714,Lisdexamfetamine Dimesylate Capsule,Current,Psychiatry,Capsule,"Elite Laboratories, Inc.",07/14/2023,LISDEXAMFETAMINE DIMESYLATE,ORAL
715,Fentanyl Citrate Injection,Current,"Analgesia/Addiction, Pediatric",Injection,"Fresenius Kabi USA, LLC",01/01/2012,FENTANYL CITRATE,"INTRAMUSCULAR, INTRAVENOUS"
716,"Calcium Chloride; Dextrose; Magnesium Chloride; Sodium Chloride; Sodium Lactate Intraperitoneal Injection, Solution",To Be Discontinued,Renal,Solution,Vantive US Healthcare LLC,08/03/2026,DIANEAL LOW CALCIUM WITH DEXTROSE,INTRAPERITONEAL
718,Glyburide Tablet,To Be Discontinued,Endocrinology/Metabolism,Tablet,Sanofi-Aventis U.S. LLC,08/10/2026,GLYBURIDE,ORAL
719,"Bupivacaine Hydrochloride, Epinephrine Bitartrate Injection",Current,Anesthesia,Injection,"Fresenius Kabi USA, LLC",02/20/2018,SENSORCAINE MPF,"EPIDURAL, INFILTRATION, INTRACAUDAL, PERINEURAL"
720,"Lisdexamfetamine Dimesylate Tablet, Chewable",Current,Psychiatry,"Tablet, Chewable","Sun Pharmaceutical Industries, Inc.",07/14/2023,LISDEXAMFETAMINE DIMESYLATE,ORAL
722,Lisdexamfetamine Dimesylate Capsule,Current,Psychiatry,Capsule,"Hikma Pharmaceuticals USA, Inc.",07/14/2023,LISDEXAMFETAMINE DIMESYLATE,ORAL
725,Lidocaine Hydrochloride Injection,Current,"Anesthesia, Pediatric",Injection,"Hospira, Inc., a Pfizer Company",02/22/2012,LIDOCAINE HYDROCHLORIDE,"EPIDURAL, INFILTRATION, INTRACAUDAL, PERINEURAL"
726,Desflurane Liquid for Inhalation,To Be Discontinued,Anesthesia,,"Jiangsu Hengrui Pharmaceuticals Co. (US Agent eVenus Pharmaceutical Laboratories, Inc.)",07/02/2026,DESFLURANE,RESPIRATORY (INHALATION)
728,Irinotecan Hydrochloride Injection,To Be Discontinued,Oncology,Injection,"Jiangsu Hengrui Pharmaceuticals Co. (US Agent eVenus Pharmaceutical Laboratories, Inc.)",09/26/2025,IRINOTECAN HYDROCHLORIDE,INTRAVENOUS
729,Lisdexamfetamine Dimesylate Capsule,Current,Psychiatry,Capsule,"Sun Pharmaceutical Industries, Inc.",07/14/2023,LISDEXAMFETAMINE DIMESYLATE,ORAL
730,Carboplatin Injection,Current,Oncology,Injection,"Teva Pharmaceuticals USA, Inc.",04/28/2023,CARBOPLATIN,INTRAVENOUS
731,Rocuronium Bromide Injection,Current,Anesthesia,Injection,Piramal Critical Care Inc.,02/15/2023,ROCURONIUM,INTRAVENOUS
732,Insulin Lispro-aabc Injection,To Be Discontinued,Endocrinology/Metabolism,Injection,Eli Lilly and Co.,10/24/2025,LYUMJEV TEMPO PEN,SUBCUTANEOUS
733,Carboplatin Injection,Current,Oncology,Injection,"Fresenius Kabi USA, LLC",04/28/2023,CARBOPLATIN,INTRAVENOUS
734,"Methylphenidate Film, Extended Release",Current,Psychiatry,"Film, Extended Release","Noven Pharmaceuticals, Inc.",02/28/2025,METHYLPHENIDATE TRANSDERMAL SYSTEM,TRANSDERMAL
735,Glycopyrrolate Injection,To Be Discontinued,Anesthesia,Injection,"Fresenius Kabi USA, LLC",07/30/2026,GLYCOPYRROLATE,"INTRAMUSCULAR, INTRAVENOUS"
736,Activated Charcoal Oral Suspension,To Be Discontinued,Other,Oral Suspension,Padagis US LLC,05/15/2026,ACTIDOSE AQUA,ORAL
737,Clindamycin Phosphate Injection,To Be Discontinued,Anti-Infective,Injection,Pfizer Inc.,06/01/2026,CLEOCIN PHOSPHATE,"INTRAMUSCULAR, INTRAVENOUS"
738,Rocuronium Bromide Injection,Current,Anesthesia,Injection,"XGen Pharmaceuticals DJB, Inc.",02/15/2023,ROCURONIUM BROMIDE,INTRAVENOUS
739,Ketorolac Tromethamine Injection,Current,Analgesia/Addiction,Injection,Gland Pharma Limited,03/23/2018,KETOROLAC TROMETHAMINE,"INTRAMUSCULAR, INTRAVENOUS"
741,Midazolam Hydrochloride Injection,Current,"Anesthesia, Neurology",Injection,"Hospira, Inc., a Pfizer Company",04/02/2020,MIDAZOLAM,"INTRAMUSCULAR, INTRAVENOUS"
742,Heparin Sodium Injection,Current,Hematology,Injection,Baxter Healthcare,11/14/2017,HEPARIN SODIUM IN SODIUM CHLORIDE,INTRAVENOUS
743,Lisdexamfetamine Dimesylate Capsule,Current,Psychiatry,Capsule,Rhodes Pharmaceuticals L.P.,07/14/2023,LISDEXAMFETAMINE DIMESYLATE,ORAL
744,Metronidazole Injection,Current,Anti-Infective,Injection,Baxter Healthcare,01/13/2022,METRONIDAZOLE,INTRAVENOUS
745,Sodium Acetate Injection,Current,"Endocrinology/Metabolism, Gastroenterology, Pediatric, Total Parenteral Nutrition",Injection,Milla Pharmaceuticals,02/03/2016,SODIUM ACETATE,INTRAVENOUS
746,Lidocaine Hydrochloride Injection,Current,"Anesthesia, Pediatric",Injection,"Fresenius Kabi USA, LLC",02/22/2012,XYLOCAINE,"INFILTRATION, PERINEURAL"
747,Clindamycin Phosphate Injection,To Be Discontinued,Anti-Infective,Injection,Pfizer Inc.,06/01/2026,CLEOCIN PHOSPHATE,"INTRAMUSCULAR, INTRAVENOUS"
748,Morphine Sulfate Injection,Current,Analgesia/Addiction,Injection,"Hikma Pharmaceuticals USA, Inc.",11/03/2017,INFUMORPH 200,"EPIDURAL, INTRATHECAL"
749,Hydrocortisone Sodium Succinate Injection,Resolved,"Pulmonary/Allergy, Dermatology, Endocrinology/Metabolism, Gastroenterology, Hematology, Neurology, Oncology, Ophthalmology, Pediatric, Renal, Rheumatology",Injection,"Hospira, Inc., a Pfizer Company",03/24/2023,SOLU-CORTEF,"INTRAMUSCULAR, INTRAVENOUS"
750,Lisdexamfetamine Dimesylate Capsule,Current,Psychiatry,Capsule,Amneal Pharmaceuticals,07/14/2023,LISDEXAMFETAMINE DIMESYLATE,ORAL
751,Atropine Sulfate Injection,Current,"Anesthesia, Neurology, Pediatric",Injection,"Fresenius Kabi USA, LLC",01/01/2012,ATROPINE SULFATE,"ENDOTRACHEAL, INTRAMEDULLARY, INTRAMUSCULAR, INTRAVENOUS, SUBCUTANEOUS"
752,Bumetanide Injection,Current,Cardiovascular,Injection,Sagent Pharmaceuticals,01/31/2018,BUMETANIDE,"INTRAMUSCULAR, INTRAVENOUS"
754,Dextrose Monohydrate 70% Injection,Current,"Endocrinology/Metabolism, Gastroenterology, Other, Pediatric",Injection,Otsuka ICU Medical LLC,10/11/2024,DEXTROSE,INTRAVENOUS
756,"Amphetamine Aspartate Monohydrate, Amphetamine Sulfate, Dextroamphetamine Saccharate, Dextroamphetamine Sulfate Tablet",Current,Psychiatry,Tablet,Sandoz Inc.,10/12/2022,"DEXTROAMPHETAMINE SACCHARATE, AMPHETAMINE ASPARTATE MONOHYDRATE, DEXTROAMPHETAMINE SULFATE AND AMPHETAMINE SULFATE",ORAL
757,Lisdexamfetamine Dimesylate Capsule,Current,Psychiatry,Capsule,Takeda Pharmaceuticals USA Inc.,07/14/2023,VYVANSE,ORAL
758,Clindamycin Phosphate Injection,Current,Anti-Infective,Injection,Sagent Pharmaceuticals,03/21/2023,CLINDAMYCIN,"INTRAMUSCULAR, INTRAVENOUS"
760,"Amphetamine Aspartate Monohydrate, Amphetamine Sulfate, Dextroamphetamine Saccharate, Dextroamphetamine Sulfate Tablet",Current,Psychiatry,Tablet,"Sunrise Pharmaceutical, Inc.",10/12/2022,"DEXTROAMPHETAMINE SACCHARATE, AMPHETAMINE ASPARTATE, DEXTROAMPHETAMINE SULFATE AND AMPHETAMINE SULFATE",ORAL
761,Dexmedetomidine Hydrochloride Injection,Current,Anesthesia,Injection,HQ Specialty Pharma,04/10/2020,DEXMEDETOMIDINE IN DEXTROSE,INTRAVENOUS
762,Oxycodone Hydrochloride Oral Solution,To Be Discontinued,Analgesia/Addiction,Oral Solution,"Hikma Pharmaceuticals USA, Inc.",09/11/2025,OXYCODONE HYDROCHLORIDE,ORAL
763,Ketorolac Tromethamine Injection,Current,Analgesia/Addiction,Injection,Gland Pharma Limited,03/23/2018,KETOROLAC TROMETHAMINE,"INTRAMUSCULAR, INTRAVENOUS"
764,"Lisdexamfetamine Dimesylate Tablet, Chewable",Current,Psychiatry,"Tablet, Chewable","Sun Pharmaceutical Industries, Inc.",07/14/2023,LISDEXAMFETAMINE DIMESYLATE,ORAL
766,Travoprost Ophthalmic Solution,To Be Discontinued,Ophthalmology,Ophthalmic Solution,"Mylan Pharmaceuticals Inc., a Viatris Company",07/07/2026,"TRAVOPROST OPHTHALMIC SOLUTION, 0.004%",OPHTHALMIC
767,Lisdexamfetamine Dimesylate Capsule,Current,Psychiatry,Capsule,"Sun Pharmaceutical Industries, Inc.",07/14/2023,LISDEXAMFETAMINE DIMESYLATE,ORAL
768,Dexmedetomidine Hydrochloride Injection,Current,Anesthesia,Injection,Pfizer Inc.,04/10/2020,PRECEDEX,INTRAVENOUS
769,Penicillin G Benzathine Injection,Current,Anti-Infective,Injection,Laboratorios Atral,04/26/2023,LENTOCILIN,INTRAMUSCULAR
770,Lidocaine Hydrochloride Injection,Current,"Anesthesia, Pediatric",Injection,"Fresenius Kabi USA, LLC",02/22/2012,XYLOCAINE MPF,INFILTRATION
771,Lisdexamfetamine Dimesylate Capsule,Current,Psychiatry,Capsule,Takeda Pharmaceuticals USA Inc.,07/14/2023,VYVANSE,ORAL
774,Lisdexamfetamine Dimesylate Capsule,Current,Psychiatry,Capsule,Alvogen,07/14/2023,LISDEXAMFETAMINE DIMESYLATE,ORAL
775,Dextrose Monohydrate 5% Injection,Current,"Endocrinology/Metabolism, Gastroenterology, Other, Pediatric",Injection,B. Braun Medical Inc.,02/14/2022,DEXTROSE,INTRAVENOUS
776,Promethazine Hydrochloride Injection,Current,"Analgesia/Addiction, Gastroenterology, Pediatric, Pulmonary/Allergy",Injection,"Hikma Pharmaceuticals USA, Inc.",11/21/2023,PHENERGAN,INTRAMUSCULAR
777,Lidocaine Hydrochloride Injection,Current,"Anesthesia, Pediatric",Injection,"Hospira, Inc., a Pfizer Company",02/22/2012,LIDOCAINE HYDROCHLORIDE,"EPIDURAL, INFILTRATION, INTRACAUDAL, PERINEURAL"
778,"Amphetamine Aspartate Monohydrate, Amphetamine Sulfate, Dextroamphetamine Saccharate, Dextroamphetamine Sulfate Tablet",Current,Psychiatry,Tablet,"Teva Pharmaceuticals USA, Inc.",10/12/2022,"DEXTROAMPHETAMINE SACCHARATE, AMPHETAMINE ASPARTATE, DEXTROAMPHETAMINE SULFATE AND AMPHETAMINE SULFATE",ORAL
780,Ceftazidime Injection,To Be Discontinued,Anti-Infective,Injection,"Hospira, Inc., a Pfizer Company",11/14/2025,TAZICEF,INTRAVENOUS
781,Midazolam Hydrochloride Injection,Current,"Anesthesia, Neurology",Injection,"Hikma Pharmaceuticals USA, Inc.",04/02/2020,MIDAZOLAM,"INTRAMUSCULAR, INTRAVENOUS"
782,Etomidate Injection,Current,Anesthesia,Injection,"Hikma Pharmaceuticals USA, Inc.",10/05/2022,ETOMIDATE,INTRAVENOUS
785,Meperidine Hydrochloride Injection,Current,Analgesia/Addiction,Injection,"Hospira, Inc., a Pfizer Company",05/30/2025,DEMEROL,"INTRAMUSCULAR, INTRAVENOUS, SUBCUTANEOUS"
786,Dexmedetomidine Hydrochloride Injection,Current,Anesthesia,Injection,"Par Health, USA LLC",04/10/2020,DEXMEDETOMIDINE HYDROCHLORIDE,INTRAVENOUS
787,Bupivacaine Hydrochloride Injection,Current,Anesthesia,Injection,Aspiro Pharma Limited,02/20/2018,BUPIVACAINE HYDROCHLORIDE,"EPIDURAL, INFILTRATION, INTRACAUDAL, PERINEURAL"
788,Methotrexate Sodium Injection,Current,"Rheumatology, Oncology",Injection,Accord Healthcare Inc.,03/13/2023,METHOTREXATE,"INTRA-ARTERIAL, INTRAMUSCULAR, INTRATHECAL, INTRAVENOUS"
789,Dopamine Hydrochloride Injection,To Be Discontinued,Cardiovascular,Injection,"Hospira, Inc., a Pfizer Company",08/27/2025,DOPAMINE HYDROCHLORIDE IN DEXTROSE,INTRAVENOUS
790,Rocuronium Bromide Injection,Current,Anesthesia,Injection,"Hikma Pharmaceuticals USA, Inc.",02/15/2023,ROCURONIUM BROMIDE,INTRAVENOUS
791,Lisdexamfetamine Dimesylate Capsule,Current,Psychiatry,Capsule,"Solco Healthcare US, LLC",07/14/2023,LISDEXAMFETAMINE DIMESYLATE,ORAL
792,Lisdexamfetamine Dimesylate Capsule,Current,Psychiatry,Capsule,"Elite Laboratories, Inc.",07/14/2023,LISDEXAMFETAMINE DIMESYLATE,ORAL
793,Dextrose Monohydrate 10% Injection,Current,"Endocrinology/Metabolism, Gastroenterology, Other, Pediatric",Injection,Baxter Healthcare,03/01/2022,DEXTROSE,INTRAVENOUS
794,"Bupivacaine Hydrochloride, Epinephrine Bitartrate Injection",Current,Anesthesia,Injection,"Hospira, Inc., a Pfizer Company",02/20/2018,MARCAINE WITH EPINEPHRINE,PERINEURAL
796,Etomidate Injection,Current,Anesthesia,Injection,Eugia US LLC,10/05/2022,ETOMIDATE,INTRAVENOUS
797,Sodium Acetate Injection,Current,"Endocrinology/Metabolism, Gastroenterology, Pediatric, Total Parenteral Nutrition",Injection,"Hospira, Inc., a Pfizer Company",02/03/2016,SODIUM ACETATE,INTRAVENOUS
798,Lisdexamfetamine Dimesylate Capsule,Current,Psychiatry,Capsule,Alvogen,07/14/2023,LISDEXAMFETAMINE DIMESYLATE,ORAL
799,Lisdexamfetamine Dimesylate Capsule,Current,Psychiatry,Capsule,"Elite Laboratories, Inc.",07/14/2023,LISDEXAMFETAMINE DIMESYLATE,ORAL
800,Phenobarbital Tablet,To Be Discontinued,"Analgesia/Addiction, Neurology, Other",Tablet,"Endo Pharmaceuticals, Inc.",10/31/2025,PHENOBARBITAL,ORAL
802,Midazolam Hydrochloride Injection,Current,"Anesthesia, Neurology",Injection,WG Critical Care,04/02/2020,MIDAZOLAM IN SODIUM CHLORIDE,INTRAVENOUS
803,"Amphetamine Aspartate Monohydrate, Amphetamine Sulfate, Dextroamphetamine Saccharate, Dextroamphetamine Sulfate Tablet",Current,Psychiatry,Tablet,"Elite Laboratories, Inc.",10/12/2022,"DEXTROAMPHETAMINE SACCHARATE, AMPHETAMINE ASPARTATE, DEXTROAMPHETAMINE SULFATE AND AMPHETAMINE SULFATE",ORAL
804,Sodium Bicarbonate Injection,Current,"Endocrinology/Metabolism, Gastroenterology, Pediatric",Injection,"Fresenius Kabi USA, LLC",07/24/2017,SODIUM BICARBONATE,INTRAVENOUS
807,Dopamine Hydrochloride Injection,Current,Cardiovascular,Injection,"Hikma Pharmaceuticals USA, Inc.",11/06/2017,DOPAMINE HYDROCHLORIDE,INTRAVENOUS
808,Dexmedetomidine Hydrochloride Injection,Current,Anesthesia,Injection,"Somerset Therapeutics, LLC",04/10/2020,DEXMEDETOMIDINE HYDROCHLORIDE,INTRAVENOUS
809,Rifampin Injection,To Be Discontinued,Anti-Infective,Injection,Sanofi-Aventis U.S. LLC,04/20/2026,RIFADIN IV,INTRAVENOUS
810,Hydromorphone Hydrochloride Injection,Current,Analgesia/Addiction,Injection,"Hospira, Inc., a Pfizer Company",10/31/2017,HYDROMORPHONE HYDROCHLORIDE,"INTRAMUSCULAR, INTRAVENOUS, SUBCUTANEOUS"
811,"Bupivacaine Hydrochloride, Epinephrine Bitartrate Injection",Current,Anesthesia,Injection,"Fresenius Kabi USA, LLC",02/20/2018,SENSORCAINE MPF,"EPIDURAL, RETROBULBAR"
812,Atropine Sulfate Injection,Current,"Anesthesia, Neurology, Pediatric",Injection,"Medefil, Inc.",01/01/2012,ATROPINE SULFATE,INTRAVENOUS
814,Piperacillin and Tazobactam Injection,To Be Discontinued,Anti-Infective,Injection,"Fresenius Kabi USA, LLC",01/20/2026,PIPERACILLIN AND TAZOBACTAM,INTRAVENOUS
815,Clonazepam Tablet,Current,"Neurology, Pediatric, Psychiatry",Tablet,"Prinston Pharmaceutical, Inc.",03/10/2023,CLONAZEPAM,ORAL
817,Activated Charcoal Oral Suspension,To Be Discontinued,Other,Oral Suspension,Padagis US LLC,05/15/2026,ACTIDOSE,ORAL
818,Valsartan Tablet,To Be Discontinued,Cardiovascular,Tablet,"Mylan Pharmaceuticals Inc., a Viatris Company",11/19/2025,VALSARTAN,ORAL
819,"Methylphenidate Hydrochloride Tablet, Extended Release",Current,Psychiatry,Tablet,Janssen Pharmaceuticals,07/26/2023,CONCERTA,ORAL
820,"Methylphenidate Hydrochloride Tablet, Extended Release",Current,Psychiatry,Tablet,"Trigen Laboratories, LLC",07/26/2023,METHYLPHENIDATE HYDROCHLORIDE,ORAL
821,Remifentanil Hydrochloride Injection,Current,Analgesia/Addiction,Injection,"Hikma Pharmaceuticals USA, Inc.",06/28/2022,REMIFENTANIL HYDROCHLORIDE,INTRAVENOUS
822,Clonazepam Tablet,Current,"Neurology, Pediatric, Psychiatry",Tablet,Aurobindo Pharma USA,03/10/2023,CLONAZEPAM,ORAL
823,Oxaliplatin Injection,To Be Discontinued,Oncology,Injection,Sandoz Inc.,10/20/2025,OXALIPLATIN,INTRAVENOUS
824,Furosemide Injection,Current,Cardiovascular,Injection,"Avet Pharmaceuticals, Inc.",04/07/2020,FUROSEMIDE,INTRAVENOUS
825,Belladonna and Opium Suppository,To Be Discontinued,Analgesia/Addiction,Suppository,Padagis US LLC,07/23/2026,BELLADONNA AND OPIUM,RECTAL
826,Metronidazole Injection,Current,Anti-Infective,Injection,Gland Pharma Limited,01/13/2022,METRONIDAZOLE,INTRAVENOUS
827,Methotrexate Sodium Injection,Current,"Rheumatology, Oncology",Injection,"Hikma Pharmaceuticals USA, Inc.",03/13/2023,METHOTREXATE,"INTRA-ARTERIAL, INTRAMUSCULAR, INTRATHECAL, INTRAVENOUS"
829,"Amphetamine Aspartate Monohydrate, Amphetamine Sulfate, Dextroamphetamine Saccharate, Dextroamphetamine Sulfate Tablet",Current,Psychiatry,Tablet,Granules Pharmaceuticals Inc.,10/12/2022,"DEXTROAMPHETAMINE SACCHARATE, AMPHETAMINE ASPARTATE, DEXTROAMPHETAMINE SULFATE AND AMPHETAMINE SULFATE",ORAL
830,Podophyllum Resin Topical Tincture,To Be Discontinued,Dermatology,,Padagis US LLC,07/23/2026,PODOCON 25,TOPICAL
832,"Bupivacaine Hydrochloride, Epinephrine Bitartrate Injection",Current,Anesthesia,Injection,"Hospira, Inc., a Pfizer Company",02/20/2018,BUPIVACAINE HYDROCHLORIDE AND EPINEPHRINE,PERINEURAL
833,Morphine Sulfate Injection,Current,Analgesia/Addiction,Injection,"Hospira, Inc., a Pfizer Company",10/31/2017,MORPHINE SULFATE,INTRAVENOUS
834,Lorazepam Injection,Current,Neurology,Injection,"Hikma Pharmaceuticals USA, Inc.",09/05/2018,ATIVAN,"INTRAMUSCULAR, INTRAVENOUS"
835,Etomidate Injection,Current,Anesthesia,Injection,"Hospira, Inc., a Pfizer Company",10/05/2022,AMIDATE,INTRAVENOUS
836,"Epinephrine Bitartrate, Lidocaine Hydrochloride Injection",Current,"Anesthesia, Pediatric",Injection,"Fresenius Kabi USA, LLC",10/14/2016,XYLOCAINE MPF,"EPIDURAL, INFILTRATION, INTRACAUDAL, PERINEURAL"
837,Ropivacaine Hydrochloride Injection,Current,Anesthesia,Injection,"Somerset Therapeutics, LLC",03/23/2018,ROPIVACAINE HYDROCHLORIDE,EPIDURAL
839,Amino Acid Injection,Current,Gastroenterology,Injection,Baxter Healthcare,12/08/2020,TRAVASOL,INTRAVENOUS
840,Atropine Sulfate Injection,Current,"Anesthesia, Neurology, Pediatric",Injection,Accord Healthcare Inc.,01/01/2020,ATROPINE SULFATE,INTRAVENOUS
841,Methylprednisolone Acetate Injection,Current,Rheumatology,Injection,Sagent Pharmaceuticals,12/15/2021,METHYLPREDNISOLONE ACETATE,"INTRA-ARTICULAR, INTRALESIONAL, INTRAMUSCULAR, INTRASYNOVIAL, SOFT TISSUE"
842,Atropine Sulfate Injection,Current,"Anesthesia, Neurology, Pediatric",Injection,Accord Healthcare Inc.,01/01/2020,ATROPINE SULFATE,INTRAVENOUS
844,Atropine Sulfate Injection,Current,"Anesthesia, Neurology, Pediatric",Injection,"Somerset Therapeutics, LLC",01/01/2012,ATROPINE SULFATE,"ENDOTRACHEAL, INTRAMEDULLARY, INTRAMUSCULAR, INTRAVENOUS, SUBCUTANEOUS"
845,Ketorolac Tromethamine Injection,Current,Analgesia/Addiction,Injection,"Fresenius Kabi USA, LLC",03/23/2018,KETOROLAC TROMETHAMINE,INTRAMUSCULAR
846,Carboplatin Injection,Current,Oncology,Injection,Accord Healthcare Inc.,04/28/2023,CARBOPLATIN,INTRAVENOUS
848,Methotrexate Sodium Injection,Current,"Rheumatology, Oncology",Injection,Accord Healthcare Inc.,03/13/2023,METHOTREXATE,"INTRA-ARTERIAL, INTRAMUSCULAR, INTRATHECAL, INTRAVENOUS"
849,Rifampin Injection,Current,Anti-Infective,Injection,"Fresenius Kabi USA, LLC",02/17/2021,RIFAMPIN,INTRAVENOUS
850,Dextrose Monohydrate 5% Injection,Current,"Endocrinology/Metabolism, Gastroenterology, Other, Pediatric",Injection,Otsuka ICU Medical LLC,02/14/2022,DEXTROSE,INTRAVENOUS
851,Rocuronium Bromide Injection,Current,Anesthesia,Injection,"Meitheal Pharmaceuticals, Inc.",02/15/2023,ROCURONIUM BROMIDE,INTRAVENOUS
852,Ketorolac Tromethamine Injection,Current,Analgesia/Addiction,Injection,"Hikma Pharmaceuticals USA, Inc.",06/06/2018,KETOROLAC TROMETHAMINE,INTRAMUSCULAR
853,"Cefotaxime Sodium Powder, for Solution",Current,"Anti-Infective, Pediatric","Powder, For Solution","Hikma Pharmaceuticals USA, Inc.",02/17/2015,CEFOTAXIME,"INTRAMUSCULAR, INTRAVENOUS"
854,Phenobarbital Tablet,To Be Discontinued,"Analgesia/Addiction, Neurology, Other",Tablet,"Endo Pharmaceuticals, Inc.",10/31/2025,PHENOBARBITAL,ORAL
855,"Methylphenidate Film, Extended Release",Current,Psychiatry,"Film, Extended Release","Noven Pharmaceuticals, Inc.",02/28/2025,METHYLPHENIDATE TRANSDERMAL SYSTEM,TRANSDERMAL
856,Elbasvir; Grazoprevir Tablet,To Be Discontinued,Antiviral,Tablet,Merck Sharp & Dohme LLC,10/17/2025,ZEPATIER,ORAL
858,Ropivacaine Hydrochloride Injection,Current,Anesthesia,Injection,Eugia US LLC,03/23/2018,ROPIVACAINE HYDROCHLORIDE,"EPIDURAL, INFILTRATION, PERINEURAL"
859,Lasmiditan Succinate Tablet,To Be Discontinued,Neurology,Tablet,Eli Lilly and Co.,11/03/2025,REYVOW,ORAL
860,Chlorothiazide Oral Suspension,To Be Discontinued,Cardiovascular,Oral Suspension,"Salix Pharmaceuticals, a division of Bausch Health US, LLC",02/10/2026,DIURIL,ORAL
861,Pindolol Tablet,To Be Discontinued,Cardiovascular,Tablet,"Sun Pharmaceutical Industries, Inc.",01/30/2026,PINDOLOL,ORAL
862,Midazolam Hydrochloride Injection,Current,"Anesthesia, Neurology",Injection,"Avet Pharmaceuticals, Inc.",04/02/2020,MIDAZOLAM HYDROCHLORIDE,"INTRAMUSCULAR, INTRAVENOUS"
863,Fluphenazine Hydrochloride Tablet,To Be Discontinued,"Neurology, Psychiatry",Tablet,"Upsher-Smith Laboratories, LLC",09/18/2025,FLUPHENAZINE HYDROCHLORIDE,ORAL
864,Glycopyrrolate Injection,To Be Discontinued,Anesthesia,Injection,"Fresenius Kabi USA, LLC",07/30/2026,GLYCOPYRROLATE,"INTRAMUSCULAR, INTRAVENOUS"
865,Tazemetostat Hydrobromide Tablet,To Be Discontinued,Oncology,Tablet,"Epizyme, Inc. (An Ipsen Company)",03/27/2026,TAZVERIK,ORAL
866,"Lisdexamfetamine Dimesylate Tablet, Chewable",Current,Psychiatry,"Tablet, Chewable",Novadoz Pharmaceuticals LLC,07/14/2023,LISDEXAMFETAMINE DIMESYLATE,ORAL
867,Dexmedetomidine Hydrochloride Injection,Current,Anesthesia,Injection,Eugia US LLC,04/10/2020,DEXMEDETOMIDINE,INTRAVENOUS
868,Ropivacaine Hydrochloride Injection,Current,Anesthesia,Injection,"Fresenius Kabi USA, LLC",03/23/2018,NAROPIN,EPIDURAL
869,Midazolam Hydrochloride Injection,Current,"Anesthesia, Neurology",Injection,WG Critical Care,04/02/2020,MIDAZOLAM IN SODIUM CHLORIDE,INTRAVENOUS
870,Ropivacaine Hydrochloride Injection,Current,Anesthesia,Injection,InfoRLife SA,03/27/2018,ROPIVACAINE HYDROCHLORIDE,"EPIDURAL, INFILTRATION"
871,"Epinephrine Bitartrate, Lidocaine Hydrochloride Injection",Current,"Anesthesia, Pediatric",Injection,"Hospira, Inc., a Pfizer Company",02/22/2012,LIDOCAINE HYDROCHLORIDE AND EPINEPHRINE,"INFILTRATION, PERINEURAL"
872,Sodium Acetate Injection,Current,"Endocrinology/Metabolism, Gastroenterology, Pediatric, Total Parenteral Nutrition",Injection,"Hospira, Inc., a Pfizer Company",02/03/2016,SODIUM ACETATE,INTRAVENOUS
873,Lidocaine Hydrochloride Injection,Current,"Anesthesia, Pediatric",Injection,"Hospira, Inc., a Pfizer Company",02/22/2012,LIDOCAINE HYDROCHLORIDE,INTRAVENOUS
874,Clonazepam Tablet,Current,"Neurology, Pediatric, Psychiatry",Tablet,"Teva Pharmaceuticals USA, Inc.",03/10/2023,CLONAZEPAM,ORAL
875,Remifentanil Hydrochloride Injection,Current,Analgesia/Addiction,Injection,"Hikma Pharmaceuticals USA, Inc.",06/28/2022,REMIFENTANIL HYDROCHLORIDE,INTRAVENOUS
876,Methylprednisolone Acetate Injection,Current,Rheumatology,Injection,Pfizer Inc.,12/15/2021,DEPO-MEDROL,"INTRALESIONAL, INTRAMUSCULAR, INTRASYNOVIAL, SOFT TISSUE"
878,Fentanyl Citrate Injection,Current,"Analgesia/Addiction, Pediatric",Injection,"Fresenius Kabi USA, LLC",01/01/2012,FENTANYL CITRATE,"INTRAMUSCULAR, INTRAVENOUS"
879,Sterile Water Irrigant,Current,"Gastroenterology, Other, Pediatric",Irrigant,B. Braun Medical Inc.,04/28/2023,STERILE WATER,IRRIGATION
880,Lidocaine Hydrochloride Injection,Current,"Anesthesia, Pediatric",Injection,"Hospira, Inc., a Pfizer Company",02/22/2012,LIDOCAINE HYDROCHLORIDE,"EPIDURAL, INFILTRATION, INTRACAUDAL, PERINEURAL"
881,Clonazepam Tablet,Current,"Neurology, Pediatric, Psychiatry",Tablet,Rubicon Research Private Limited,03/10/2023,CLONAZEPAM,ORAL
882,Rifampin Capsule,Current,Anti-Infective,Capsule,"Lupin Pharmaceuticals, Inc.",12/22/2021,RIFAMPIN,ORAL
883,"Methylphenidate Hydrochloride Tablet, Extended Release",Current,Psychiatry,Tablet,"Vertical Pharmaceuticals, LLC",07/26/2023,RELEXXII,ORAL
884,Ropivacaine Hydrochloride Injection,Current,Anesthesia,Injection,"Fresenius Kabi USA, LLC",03/23/2018,ROPIVACAINE HYDROCHLORIDE,"EPIDURAL, INFILTRATION, PERINEURAL"
885,Furosemide Injection,Current,Cardiovascular,Injection,Accord Healthcare Inc.,04/07/2020,FUROSEMIDE,"INTRAMUSCULAR, INTRAVENOUS"
886,Azithromycin Tablet,To Be Discontinued,Anti-Infective,Tablet,Pfizer Inc.,04/09/2026,ZITHROMAX,ORAL
887,Lisdexamfetamine Dimesylate Capsule,Current,Psychiatry,Capsule,"Solco Healthcare US, LLC",07/14/2023,LISDEXAMFETAMINE DIMESYLATE,ORAL
888,Cromolyn Sodium Concentrate,Current,Pulmonary/Allergy,Concentrate,Micro Labs LTD,11/03/2023,CROMOLYN SODIUM,ORAL
889,Ropivacaine Hydrochloride Injection,Current,Anesthesia,Injection,InfoRLife SA,03/27/2018,ROPIVACAINE HYDROCHLORIDE,"EPIDURAL, INFILTRATION"
890,Aprepitant Oral Powder for Suspension,To Be Discontinued,Gastroenterology,,Merck Sharp & Dohme LLC,04/08/2026,EMEND,ORAL
891,Furosemide Oral Solution,Current,Cardiovascular,Oral Solution,"Hikma Pharmaceuticals USA, Inc.",03/31/2026,FUROSEMIDE,ORAL
892,Ketorolac Tromethamine Injection,Current,Analgesia/Addiction,Injection,Gland Pharma Limited,03/23/2018,KETOROLAC TROMETHAMINE,"INTRAMUSCULAR, INTRAVENOUS"
893,"Bupivacaine Hydrochloride, Epinephrine Bitartrate Injection",Current,Anesthesia,Injection,"Hospira, Inc., a Pfizer Company",02/20/2018,BUPIVACAINE HYDROCHLORIDE AND EPINEPHRINE,"EPIDURAL, INFILTRATION, INTRACAUDAL, PERINEURAL"
894,"Methylphenidate Hydrochloride Tablet, Extended Release",Current,Psychiatry,Tablet,Janssen Pharmaceuticals,07/26/2023,CONCERTA,ORAL
895,Dextrose Monohydrate 5% Injection,Current,"Endocrinology/Metabolism, Gastroenterology, Other, Pediatric",Injection,Otsuka ICU Medical LLC,02/14/2022,DEXTROSE,INTRAVENOUS
896,Adalimumab-afzb Injection,To Be Discontinued,Rheumatology,Injection,Pfizer Inc.,10/09/2025,ABRILADA,
897,Midazolam Hydrochloride Injection,Current,"Anesthesia, Neurology",Injection,"Avet Pharmaceuticals, Inc.",04/02/2020,MIDAZOLAM HYDROCHLORIDE,"INTRAMUSCULAR, INTRAVENOUS"
898,Sterile Water Injection,Current,Other,Injection,"Hospira, Inc., a Pfizer Company",11/23/2021,STERILE WATER,"INTRAMUSCULAR, INTRAVENOUS, SUBCUTANEOUS"
899,Heparin Sodium Injection,Current,Hematology,Injection,Baxter Healthcare,11/14/2017,HEPARIN SODIUM IN SODIUM CHLORIDE,INTRAVENOUS
901,Lorazepam Injection,Current,Neurology,Injection,"Hikma Pharmaceuticals USA, Inc.",09/05/2018,LORAZEPAM,"INTRAMUSCULAR, INTRAVENOUS"
902,Dexmedetomidine Hydrochloride Injection,Current,Anesthesia,Injection,Amneal Pharmaceuticals,04/10/2020,DEXMEDETOMIDINE HYDROCHLORIDE,INTRAVENOUS
903,Ropivacaine Hydrochloride Injection,Current,Anesthesia,Injection,"Fresenius Kabi USA, LLC",03/23/2018,NAROPIN,"EPIDURAL, INFILTRATION, PERINEURAL"
904,Midazolam Hydrochloride Injection,Current,"Anesthesia, Neurology",Injection,"Hikma Pharmaceuticals USA, Inc.",04/02/2020,MIDAZOLAM,"INTRAMUSCULAR, INTRAVENOUS"
953,Methylprednisolone Acetate Injection,Current,Rheumatology,Injection,Pfizer Inc.,12/15/2021,DEPO-MEDROL,"INTRA-ARTICULAR, INTRALESIONAL, INTRAMUSCULAR, SOFT TISSUE"
905,"Amphetamine Aspartate Monohydrate, Amphetamine Sulfate, Dextroamphetamine Saccharate, Dextroamphetamine Sulfate Tablet",Current,Psychiatry,Tablet,SpecGx LLC,10/12/2022,DEXTROAMPHETAMINE SACCHARATE AND AMPHETAMINE ASPARTATE AND DEXTROAMPHETAMINE SULFATE AND AMPHETAMINE SULFATE,ORAL
906,Hydrocortisone Sodium Succinate Injection,Resolved,"Pulmonary/Allergy, Dermatology, Endocrinology/Metabolism, Gastroenterology, Hematology, Neurology, Oncology, Ophthalmology, Pediatric, Renal, Rheumatology",Injection,"Hospira, Inc., a Pfizer Company",03/24/2023,SOLU-CORTEF,"INTRAMUSCULAR, INTRAVENOUS"
910,Sterile Water Injection,Current,Other,Injection,"Hospira, Inc., a Pfizer Company",11/23/2021,STERILE WATER,"INTRAMUSCULAR, INTRAVENOUS, SUBCUTANEOUS"
911,Midazolam Hydrochloride Injection,Current,"Anesthesia, Neurology",Injection,"Hikma Pharmaceuticals USA, Inc.",04/02/2020,MIDAZOLAM,"INTRAMUSCULAR, INTRAVENOUS"
912,Sterile Water Irrigant,Current,"Gastroenterology, Other, Pediatric",Irrigant,Baxter Healthcare,04/28/2023,STERILE WATER,IRRIGATION
913,Irinotecan Hydrochloride Injection,To Be Discontinued,Oncology,Injection,"Jiangsu Hengrui Pharmaceuticals Co. (US Agent eVenus Pharmaceutical Laboratories, Inc.)",09/26/2025,IRINOTECAN HYDROCHLORIDE,INTRAVENOUS
915,"Methylphenidate Hydrochloride Tablet, Extended Release",Current,Psychiatry,Tablet,"Lannett Company, Inc.",07/26/2023,METHYLPHENIDATE HYDROCHLORIDE,ORAL
916,Dextrose Monohydrate 5% Injection,Current,"Endocrinology/Metabolism, Gastroenterology, Other, Pediatric",Injection,Baxter Healthcare,02/14/2022,DEXTROSE,INTRAVENOUS
917,Sterile Water Irrigant,Current,"Gastroenterology, Other, Pediatric",Irrigant,Baxter Healthcare,04/28/2023,STERILE WATER,IRRIGATION
918,Lidocaine Hydrochloride Injection,Current,"Anesthesia, Pediatric",Injection,"Hospira, Inc., a Pfizer Company",02/22/2012,LIDOCAINE HYDROCHLORIDE,"INFILTRATION, PERINEURAL"
919,Clonazepam Tablet,Current,"Neurology, Pediatric, Psychiatry",Tablet,Rubicon Research Private Limited,03/10/2023,CLONAZEPAM,ORAL
922,Succinylcholine Chloride Injection,To Be Discontinued,Anesthesia,Injection,"Fresenius Kabi USA, LLC",07/23/2026,SUCCINYLCHOLINE CHLORIDE,"INTRAMUSCULAR, INTRAVENOUS"
923,Arsenic Trioxide Injection,To Be Discontinued,Oncology,Injection,Ingenus Pharmaceuticals LLC,02/24/2026,ARSENIC TRIOXIDE,INTRAVENOUS
924,Ketorolac Tromethamine Injection,Current,Analgesia/Addiction,Injection,Baxter Healthcare,06/06/2018,KETOROLAC TROMETHAMINE,"INTRAMUSCULAR, INTRAVENOUS"
925,Clonazepam Tablet,Current,"Neurology, Pediatric, Psychiatry",Tablet,Accord Healthcare Inc.,03/10/2023,CLONAZEPAM,ORAL
926,Methotrexate Sodium Injection,Current,"Rheumatology, Oncology",Injection,"Hospira, Inc., a Pfizer Company",03/13/2023,METHOTREXATE,"INTRAMUSCULAR, INTRAVENOUS, SUBCUTANEOUS"
927,Fentanyl Citrate Injection,Current,"Analgesia/Addiction, Pediatric",Injection,"Fresenius Kabi USA, LLC",01/01/2012,FENTANYL CITRATE,"INTRAMUSCULAR, INTRAVENOUS"
928,Rocuronium Bromide Injection,Current,Anesthesia,Injection,Baxter Healthcare,02/15/2023,ROCURONIUM BROMIDE,INTRAVENOUS
929,Lorazepam Injection,Current,Neurology,Injection,"Hikma Pharmaceuticals USA, Inc.",09/05/2018,ATIVAN,"INTRAMUSCULAR, INTRAVENOUS"
930,Ketorolac Tromethamine Injection,Current,Analgesia/Addiction,Injection,"Hikma Pharmaceuticals USA, Inc.",06/06/2018,KETOROLAC TROMETHAMINE,"INTRAMUSCULAR, INTRAVENOUS"
931,Amino Acid Injection,Current,Gastroenterology,Injection,Baxter Healthcare,12/08/2020,TRAVASOL,INTRAVENOUS
932,Methylprednisolone Acetate Injection,Current,Rheumatology,Injection,Amneal Pharmaceuticals,12/15/2021,METHYLPREDNISOLONE ACETATE,"INTRA-ARTICULAR, INTRALESIONAL, INTRAMUSCULAR, INTRASYNOVIAL, SOFT TISSUE"
933,Fentanyl Citrate Injection,Current,"Analgesia/Addiction, Pediatric",Injection,"Fresenius Kabi USA, LLC",01/01/2012,FENTANYL CITRATE,"INTRAMUSCULAR, INTRAVENOUS"
934,Azacitidine Injection,Current,Oncology,Injection,Bristol Myers Squibb Co.,12/18/2020,VIDAZA,"INTRAVENOUS, SUBCUTANEOUS"
935,"Methylphenidate Hydrochloride Tablet, Extended Release",Current,Psychiatry,Tablet,"Vertical Pharmaceuticals, LLC",07/26/2023,RELEXXII,ORAL
936,Lasmiditan Succinate Tablet,To Be Discontinued,Neurology,Tablet,Eli Lilly and Co.,11/03/2025,REYVOW,ORAL
937,Clonazepam Tablet,Current,"Neurology, Pediatric, Psychiatry",Tablet,"Teva Pharmaceuticals USA, Inc.",03/10/2023,CLONAZEPAM,ORAL
938,Midazolam Hydrochloride Injection,Current,"Anesthesia, Neurology",Injection,"Fresenius Kabi USA, LLC",04/02/2020,MIDAZOLAM,"INTRAMUSCULAR, INTRAVENOUS"
939,Flurazepam Hydrochloride Capsule,Current,"Neurology, Other",Capsule,Chartwell Molecular Holdings LLC,08/03/2022,FLURAZEPAM HYDROCHLORIDE,ORAL
940,Sodium Acetate Injection,Current,Total Parenteral Nutrition,Injection,Milla Pharmaceuticals,03/23/2016,SODIUM ACETATE,INTRAVENOUS
941,"Methylphenidate Hydrochloride Tablet, Extended Release",Current,Psychiatry,Tablet,"Trigen Laboratories, LLC",07/26/2023,METHYLPHENIDATE HYDROCHLORIDE,ORAL
943,Ketorolac Tromethamine Injection,Current,Analgesia/Addiction,Injection,"Fresenius Kabi USA, LLC",03/23/2018,KETOROLAC TROMETHAMINE,"INTRAMUSCULAR, INTRAVENOUS"
944,"Amphetamine Aspartate Monohydrate, Amphetamine Sulfate, Dextroamphetamine Saccharate, Dextroamphetamine Sulfate Tablet",Current,Psychiatry,Tablet,Sandoz Inc.,10/12/2022,"DEXTROAMPHETAMINE SACCHARATE, AMPHETAMINE ASPARTATE MONOHYDRATE, DEXTROAMPHETAMINE SULFATE AND AMPHETAMINE SULFATE",ORAL
945,Amino Acid Injection,Current,Gastroenterology,Injection,Baxter Healthcare,12/08/2020,PREMASOL - SULFITE-FREE (AMINO ACID),INTRAVENOUS
946,Phenobarbital Tablet,To Be Discontinued,"Analgesia/Addiction, Neurology, Other",Tablet,"Endo Pharmaceuticals, Inc.",10/31/2025,PHENOBARBITAL,ORAL
947,Furosemide Injection,Current,Cardiovascular,Injection,Gland Pharma Limited,04/07/2020,FUROSEMIDE,"INTRAMUSCULAR, INTRAVENOUS"
948,Bupivacaine Hydrochloride Injection,Current,Anesthesia,Injection,"Hospira, Inc., a Pfizer Company",02/20/2018,MARCAINE SPINAL,SUBARACHNOID
950,Sumatriptan Nasal Spray,To Be Discontinued,Neurology,Nasal Spray,Prasco Laboratories,09/08/2025,SUMATRIPTAN,NASAL
951,"Lamotrigine Tablet, Extended Release",To Be Discontinued,Neurology,Tablet,"Par Health, Inc.",04/29/2026,LAMOTRIGINE EXTENDED RELEASE,ORAL
952,Carboplatin Injection,Current,Oncology,Injection,Teyro Labs,04/28/2023,CARBOPLATIN,INTRAVENOUS
954,"Epinephrine Bitartrate, Lidocaine Hydrochloride Injection",Current,"Anesthesia, Pediatric",Injection,"Hospira, Inc., a Pfizer Company",02/22/2012,LIDOCAINE HYDROCHLORIDE AND EPINEPHRINE,"INFILTRATION, PERINEURAL"
955,Sulconazole Nitrate Solution,To Be Discontinued,Dermatology,Solution,Journey Medical Corporation,05/08/2026,SULCONAZOLE NITRATE,TOPICAL
956,Morphine Sulfate Injection,Current,Analgesia/Addiction,Injection,"Hikma Pharmaceuticals USA, Inc.",11/03/2017,MORPHINE SULFATE,INTRAVENOUS
957,Hydromorphone Hydrochloride Suppository,To Be Discontinued,Analgesia/Addiction,Suppository,Padagis US LLC,07/23/2026,HYDROMORPHONE HYDROCHLORIDE,RECTAL
958,Lidocaine Hydrochloride Injection,Current,"Anesthesia, Pediatric",Injection,"Fresenius Kabi USA, LLC",02/22/2012,LIDOCAINE,"INFILTRATION, PERINEURAL"
959,Carboplatin Injection,Current,Oncology,Injection,"Hospira, Inc., a Pfizer Company",04/28/2023,CARBOPLATIN,INTRAVENOUS
961,Etomidate Injection,Current,Anesthesia,Injection,Gland Pharma Limited,10/05/2022,ETOMIDATE,INTRAVENOUS
962,Bupivacaine Hydrochloride Injection,Current,Anesthesia,Injection,"Hospira, Inc., a Pfizer Company",02/20/2018,BUPIVACAINE HYDROCHLORIDE,PERINEURAL
963,Morphine Sulfate Injection,Current,Analgesia/Addiction,Injection,Piramal Critical Care Inc.,10/31/2017,MITIGO,"EPIDURAL, INTRATHECAL"
964,Adalimumab-ryvk Kit,To Be Discontinued,Rheumatology,,"Teva Pharmaceuticals USA, Inc.",11/13/2025,SIMLANDI,
966,Caspofungin Acetate Injection,To Be Discontinued,Anti-Infective,Injection,"Jiangsu Hengrui Pharmaceuticals Co. (US Agent eVenus Pharmaceutical Laboratories, Inc.)",06/30/2026,CASPOFUNGIN ACETATE,INTRAVENOUS
967,Morphine Sulfate Injection,Current,Analgesia/Addiction,Injection,"Hospira, Inc., a Pfizer Company",10/31/2017,MORPHINE SULFATE,"EPIDURAL, INTRATHECAL, INTRAVENOUS"
968,Fondaparinux Sodium Injection,To Be Discontinued,Hematology,Injection,"Jiangsu Hengrui Pharmaceuticals Co. (US Agent eVenus Pharmaceutical Laboratories, Inc.)",09/29/2025,FONDAPARINUX SODIUM,SUBCUTANEOUS
969,Bupivacaine Hydrochloride Injection,Current,Anesthesia,Injection,Eugia US LLC,02/20/2018,BUPIVACAINE HYDROCHLORIDE,"EPIDURAL, INTRACAUDAL"
970,Morphine Sulfate Injection,Current,Analgesia/Addiction,Injection,"Hospira, Inc., a Pfizer Company",10/31/2017,MORPHINE SULFATE,INTRAVENOUS
971,Lidocaine Hydrochloride Injection,Current,Anesthesia,Injection,"Spectra Medical Devices, LLC",06/14/2018,LIDOCAINE HYDROCHLORIDE,"EPIDURAL, INFILTRATION, INTRACAUDAL, PERINEURAL"
972,Methotrexate Sodium Injection,Current,"Rheumatology, Oncology",Injection,"Teva Pharmaceuticals USA, Inc.",03/13/2023,METHOTREXATE,"INTRA-ARTERIAL, INTRAMUSCULAR, INTRATHECAL, INTRAVENOUS"
973,Dexmedetomidine Hydrochloride Injection,Current,Anesthesia,Injection,"Azurity Pharmaceuticals, Inc",04/10/2020,DEXMEDETOMIDINE HYDROCHLORIDE,INTRAVENOUS
974,Remifentanil Hydrochloride Injection,Current,Analgesia/Addiction,Injection,"Mylan Institutional, a Viatris Company",06/28/2022,ULTIVA,INTRAVENOUS
975,Ketorolac Tromethamine Injection,Current,Analgesia/Addiction,Injection,Sagent Pharmaceuticals,03/26/2018,KETOROLAC TROMETHAMINE,"INTRAMUSCULAR, INTRAVENOUS"
976,Carboplatin Injection,Current,Oncology,Injection,"Hospira, Inc., a Pfizer Company",04/28/2023,CARBOPLATIN,INTRAVENOUS
977,Morphine Sulfate Suppository,To Be Discontinued,Analgesia/Addiction,Suppository,Padagis US LLC,07/23/2026,MORPHINE SULFATE,RECTAL
978,Bupivacaine Hydrochloride Injection,Current,Anesthesia,Injection,"Hospira, Inc., a Pfizer Company",02/20/2018,BUPIVACAINE HYDROCHLORIDE,"EPIDURAL, RETROBULBAR"
979,Lisdexamfetamine Dimesylate Capsule,Current,Psychiatry,Capsule,Rhodes Pharmaceuticals L.P.,07/14/2023,LISDEXAMFETAMINE DIMESYLATE,ORAL
980,Clonazepam Tablet,Current,"Neurology, Pediatric, Psychiatry",Tablet,Accord Healthcare Inc.,03/10/2023,CLONAZEPAM,ORAL
981,Quinapril Hydrochloride Tablet,Current,Cardiovascular,Tablet,"Solco Healthcare US, LLC",01/19/2023,QUINAPRIL,ORAL
982,Haloperidol Decanoate Injection,To Be Discontinued,Psychiatry,Injection,"Fresenius Kabi USA, LLC",01/09/2026,HALOPERIDOL DECANOATE,INTRAMUSCULAR
983,"Calcium Chloride; Dextrose; Magnesium Chloride; Sodium Chloride; Sodium Lactate Intraperitoneal Injection, Solution",To Be Discontinued,Renal,Solution,Vantive US Healthcare LLC,08/03/2026,DIANEAL PD-2 WITH DEXTROSE,INTRAPERITONEAL
985,Lidocaine Hydrochloride Injection,Current,"Anesthesia, Pediatric",Injection,Anthea Pharma,02/22/2012,LIDOCAINE HYDROCHLORIDE,"EPIDURAL, INFILTRATION, INTRACAUDAL, PERINEURAL"
986,"Lisdexamfetamine Dimesylate Tablet, Chewable",Current,Psychiatry,"Tablet, Chewable","Sun Pharmaceutical Industries, Inc.",07/14/2023,LISDEXAMFETAMINE DIMESYLATE,ORAL
987,Clonazepam Tablet,Current,"Neurology, Pediatric, Psychiatry",Tablet,Rubicon Research Private Limited,03/10/2023,CLONAZEPAM,ORAL
988,Adalimumab-adaz Injection,To Be Discontinued,Rheumatology,Injection,Sandoz Inc.,01/13/2026,HYRIMOZ,SUBCUTANEOUS
989,Hydromorphone Hydrochloride Injection,Current,Analgesia/Addiction,Injection,"Hospira, Inc., a Pfizer Company",11/01/2017,HYDROMORPHONE HYDROCHLORIDE,"INTRAMUSCULAR, INTRAVENOUS, SUBCUTANEOUS"
990,Carboplatin Injection,Current,Oncology,Injection,Gland Pharma Limited,04/28/2023,CARBOPLATIN,INTRAVENOUS
992,Bupivacaine Hydrochloride Injection,Current,Analgesia/Addiction,Injection,"Hospira, Inc., a Pfizer Company",02/20/2018,MARCAINE SPINAL,SUBARACHNOID
993,Meperidine Hydrochloride Injection,Current,Analgesia/Addiction,Injection,"Hospira, Inc., a Pfizer Company",05/30/2025,DEMEROL,"INTRAMUSCULAR, INTRAVENOUS, SUBCUTANEOUS"
994,Dexamethasone Sodium Phosphate Injection,Current,"Dermatology, Endocrinology/Metabolism, Gastroenterology, Hematology, Neurology, Oncology, Ophthalmology, Other, Pulmonary/Allergy, Rheumatology",Injection,"Fresenius Kabi USA, LLC",02/08/2019,DEXAMETHASONE SODIUM PHOSPHATE,"INTRAMUSCULAR, INTRAVENOUS"
996,Ivabradine Hydrochloride Tablet,To Be Discontinued,Cardiovascular,Tablet,Amgen Inc.,03/24/2026,CORLANOR,ORAL
997,Amino Acid Injection,Current,Gastroenterology,Injection,Otsuka ICU Medical LLC,12/08/2020,AMINOSYN-PF,INTRAVENOUS
999,Lincomycin Hydrochloride Injection,To Be Discontinued,Anti-Infective,Injection,"XGen Pharmaceuticals DJB, Inc.",03/26/2026,LINCOMYCIN,"INTRAMUSCULAR, INTRAVENOUS, SUBCONJUNCTIVAL"
1000,Midazolam Hydrochloride Injection,Current,"Anesthesia, Neurology",Injection,"Avet Pharmaceuticals, Inc.",04/02/2020,MIDAZOLAM HYDROCHLORIDE,"INTRAMUSCULAR, INTRAVENOUS"
1001,"Epinephrine Bitartrate, Lidocaine Hydrochloride Injection",Current,"Anesthesia, Pediatric",Injection,"Fresenius Kabi USA, LLC",10/14/2016,XYLOCAINE MPF,"EPIDURAL, INFILTRATION, INTRACAUDAL, PERINEURAL"
1002,Ropivacaine Hydrochloride Injection,Current,Anesthesia,Injection,"Fresenius Kabi USA, LLC",03/23/2018,NAROPIN,"EPIDURAL, PERINEURAL"
1003,Lisdexamfetamine Dimesylate Capsule,Current,Psychiatry,Capsule,"Lannett Company, Inc.",07/14/2023,LISDEXAMFETAMINE DIMESYLATE,ORAL
1004,Dexamethasone Sodium Phosphate Injection,Current,"Dermatology, Endocrinology/Metabolism, Gastroenterology, Hematology, Neurology, Oncology, Ophthalmology, Other, Pulmonary/Allergy, Rheumatology",Injection,"Mylan Institutional, a Viatris Company",02/08/2019,DEXAMETHASONE SODIUM PHOSPHATE,"INTRA-ARTICULAR, INTRALESIONAL, INTRAMUSCULAR, INTRAVENOUS, SOFT TISSUE"
1005,Posaconazole Injection,To Be Discontinued,Anti-Infective,Injection,Merck Sharp & Dohme Corp.,12/02/2025,NOXAFIL,INTRAVENOUS
1006,"Calcium Chloride; Dextrose; Magnesium Chloride; Sodium Chloride; Sodium Lactate Intraperitoneal Injection, Solution",To Be Discontinued,Renal,Solution,Vantive US Healthcare LLC,08/03/2026,DIANEAL PD-2 WITH DEXTROSE,INTRAPERITONEAL
1007,"Methylphenidate Hydrochloride Tablet, Extended Release",Current,Psychiatry,Tablet,"Trigen Laboratories, LLC",07/26/2023,METHYLPHENIDATE HYDROCHLORIDE,ORAL
1008,Dextrose Monohydrate 10% Injection,Current,"Endocrinology/Metabolism, Gastroenterology, Other, Pediatric",Injection,Otsuka ICU Medical LLC,03/01/2022,DEXTROSE,INTRAVENOUS
1009,Rifampin Capsule,Current,Anti-Infective,Capsule,"Lupin Pharmaceuticals, Inc.",12/22/2021,RIFAMPIN,ORAL
1010,Lidocaine Hydrochloride Injection,Current,"Anesthesia, Pediatric",Injection,"Hospira, Inc., a Pfizer Company",02/22/2012,LIDOCAINE HYDROCHLORIDE,"EPIDURAL, INFILTRATION, INTRACAUDAL, PERINEURAL"
1011,Clindamycin Phosphate Injection,Current,Anti-Infective,Injection,Pfizer Inc.,03/21/2023,CLEOCIN PHOSPHATE,"INTRAMUSCULAR, INTRAVENOUS"
1012,Omeprazole Delayed Release Capsule,To Be Discontinued,Gastroenterology,,Sandoz Inc.,10/09/2025,OMEPRAZOLE,ORAL
1013,Lidocaine Hydrochloride Injection,Current,"Anesthesia, Pediatric",Injection,"Fresenius Kabi USA, LLC",02/22/2012,XYLOCAINE MPF,"EPIDURAL, INFILTRATION, INTRACAUDAL, PERINEURAL"
1014,Methylprednisolone Acetate Injection,Current,Rheumatology,Injection,Sagent Pharmaceuticals,12/15/2021,METHYLPREDNISOLONE ACETATE,"INTRA-ARTICULAR, INTRALESIONAL, INTRAMUSCULAR, INTRASYNOVIAL, SOFT TISSUE"
1015,Dextrose Monohydrate 5% Injection,Current,"Endocrinology/Metabolism, Gastroenterology, Other, Pediatric",Injection,Baxter Healthcare,02/14/2022,DEXTROSE,INTRAVENOUS
1016,Rocuronium Bromide Injection,Current,Anesthesia,Injection,"Hospira, Inc., a Pfizer Company",02/15/2023,ROCURONIUM BROMIDE,INTRAVENOUS
1017,Lidocaine Hydrochloride Injection,Current,"Anesthesia, Pediatric",Injection,"Fresenius Kabi USA, LLC",02/22/2012,XYLOCAINE MPF,"EPIDURAL, INFILTRATION, INTRACAUDAL, PERINEURAL"
1018,Clindamycin Phosphate Injection,Current,Anti-Infective,Injection,Sandoz Inc.,03/21/2023,CLINDAMYCIN IN 5 PERCENT DEXTROSE,INTRAVENOUS
1020,Carboplatin Injection,Current,Oncology,Injection,Gland Pharma Limited,04/28/2023,CARBOPLATIN,INTRAVENOUS
1021,Methylprednisolone Acetate Injection,Current,Rheumatology,Injection,Pfizer Inc.,12/15/2021,DEPO-MEDROL,"INTRALESIONAL, INTRAMUSCULAR, INTRASYNOVIAL, SOFT TISSUE, INTRA-ARTICULAR"
1023,Ropivacaine Hydrochloride Injection,Current,Anesthesia,Injection,InfoRLife SA,03/27/2018,ROPIVACAINE HYDROCHLORIDE,"EPIDURAL, INFILTRATION"
1024,Lisdexamfetamine Dimesylate Capsule,Current,Psychiatry,Capsule,"Sun Pharmaceutical Industries, Inc.",07/14/2023,LISDEXAMFETAMINE DIMESYLATE,ORAL
1025,Desipramine Hydrochloride Tablet,To Be Discontinued,Psychiatry,Tablet,"Avet Pharmaceuticals, Inc.",08/12/2025,DESIPRAMINE HYDROCHLORIDE,ORAL
1026,Promethazine Hydrochloride Injection,Current,"Analgesia/Addiction, Gastroenterology, Pediatric, Pulmonary/Allergy",Injection,"Hikma Pharmaceuticals USA, Inc.",11/21/2023,PROMETHAZINE HYDROCHLORIDE,"INTRAMUSCULAR, INTRAVENOUS"
1027,Clindamycin Phosphate Injection,Current,Anti-Infective,Injection,Sandoz Inc.,03/21/2023,CLINDAMYCIN IN 5 PERCENT DEXTROSE,INTRAVENOUS
1028,Atropine Sulfate Injection,Current,"Anesthesia, Neurology, Pediatric",Injection,"Hikma Pharmaceuticals USA, Inc.",12/20/2023,ATROPINE SULFATE,"ENDOTRACHEAL, INTRAMEDULLARY, INTRAMUSCULAR, INTRAVENOUS, SUBCUTANEOUS"
1029,"Guanfacine Hydrochloride Tablet, Extended Release",To Be Discontinued,Psychiatry,Tablet,"Actavis Pharma, Inc.",11/13/2025,GUANFACINE,ORAL
1030,Bumetanide Injection,Current,Cardiovascular,Injection,"Hikma Pharmaceuticals USA, Inc.",01/31/2018,BUMETANIDE,"INTRAMUSCULAR, INTRAVENOUS"
1031,"Methylphenidate Hydrochloride Tablet, Extended Release",Current,Psychiatry,Tablet,"Vertical Pharmaceuticals, LLC",07/26/2023,RELEXXII,ORAL
1033,Atropine Sulfate Injection,Current,"Anesthesia, Neurology, Pediatric",Injection,"American Regent, Inc.",01/01/2012,ATROPINE SULFATE,INTRAVENOUS
1034,Carboplatin Injection,Current,Oncology,Injection,"Hospira, Inc., a Pfizer Company",04/28/2023,CARBOPLATIN,INTRAVENOUS
1035,Morphine Sulfate Tablet,To Be Discontinued,Analgesia/Addiction,Tablet,"Upsher-Smith Laboratories, LLC",12/22/2025,MORPHINE SULFATE,ORAL
1037,Ropivacaine Hydrochloride Injection,Current,Anesthesia,Injection,"Fresenius Kabi USA, LLC",03/23/2018,NAROPIN,EPIDURAL
1038,Lisdexamfetamine Dimesylate Capsule,Current,Psychiatry,Capsule,"Elite Laboratories, Inc.",07/14/2023,LISDEXAMFETAMINE DIMESYLATE,ORAL
1039,Dexmedetomidine Hydrochloride Injection,Current,Anesthesia,Injection,Pfizer Inc.,04/10/2020,PRECEDEX,INTRAVENOUS
1040,Promethazine Hydrochloride Injection,Current,"Analgesia/Addiction, Gastroenterology, Pediatric, Pulmonary/Allergy",Injection,"Hikma Pharmaceuticals USA, Inc.",11/21/2023,PROMETHAZINE HYDROCHLORIDE,INTRAMUSCULAR
1041,Amino Acid Injection,Current,Gastroenterology,Injection,Otsuka ICU Medical LLC,12/08/2020,AMINOSYN-PF,INTRAVENOUS
1042,Omeprazole Delayed Release Capsule,To Be Discontinued,Gastroenterology,,Sandoz Inc.,10/09/2025,OMEPRAZOLE,ORAL
1043,"Fluvastatin Sodium Tablet, Extended Release",To Be Discontinued,Cardiovascular,Tablet,Sandoz Inc.,01/27/2026,FLUVASTATIN SODIUM ER,ORAL
1044,Sterile Water Injection,Current,Other,Injection,"Hikma Pharmaceuticals USA, Inc.",11/23/2021,STERILE WATER,"INTRAMUSCULAR, INTRAVENOUS, SUBCUTANEOUS"
1045,Lopinavir and Ritonavir Oral Solution,To Be Discontinued,Antiviral,Oral Solution,AbbVie Inc.,07/24/2026,KALETRA,ORAL
1046,Dextrose Monohydrate 10% Injection,Current,"Endocrinology/Metabolism, Gastroenterology, Other, Pediatric",Injection,"Fresenius Kabi USA, LLC",03/01/2022,DEXTROSE,INTRAVENOUS
1047,Pemetrexed Disodium Injection,To Be Discontinued,Oncology,Injection,Sandoz Inc.,10/10/2025,PEMETREXED,INTRAVENOUS
1048,Clindamycin Phosphate Injection,Current,Anti-Infective,Injection,Pfizer Inc.,03/21/2023,CLEOCIN PHOSPHATE,"INTRAMUSCULAR, INTRAVENOUS"
1049,Pilocarpine Hydrochloride Ophthalmic Solution,To Be Discontinued,Ophthalmology,Ophthalmic Solution,AbbVie Inc.,03/24/2026,VUITY,OPHTHALMIC
1050,Gadoterate Meglumine Injection,To Be Discontinued,Medical Imaging,Injection,"Jiangsu Hengrui Pharmaceuticals Co., Ltd.",05/21/2026,GADOTERATE MEGLUMINE,INTRAVENOUS
1051,Sulconazole Nitrate Solution,To Be Discontinued,Dermatology,Solution,Journey Medical Corporation,05/08/2026,EXELDERM,TOPICAL
1052,"Amphetamine Aspartate Monohydrate, Amphetamine Sulfate, Dextroamphetamine Saccharate, Dextroamphetamine Sulfate Tablet",Current,Psychiatry,Tablet,"Teva Pharmaceuticals USA, Inc.",10/12/2022,"DEXTROAMPHETAMINE SACCHARATE, AMPHETAMINE ASPARTATE, DEXTROAMPHETAMINE SULFATE AND AMPHETAMINE SULFATE",ORAL
1053,Dobutamine Hydrochloride Injection,Current,"Cardiovascular, Pediatric, Renal",Injection,Baxter Healthcare,11/06/2017,DOBUTAMINE HYDROCHLORIDE IN DEXTROSE,INTRAVENOUS
1054,Riluzole Oral Suspension,Current,Neurology,Oral Suspension,"EDW Pharma, Inc. (formerly Italfarmaco Pharma, Inc.)",01/26/2024,TIGLUTIK,ORAL
1055,Dextrose Monohydrate 10% Injection,Current,"Endocrinology/Metabolism, Gastroenterology, Other, Pediatric",Injection,Otsuka ICU Medical LLC,03/01/2022,DEXTROSE,INTRAVENOUS
1056,Azacitidine Injection,Current,Oncology,Injection,"Fresenius Kabi USA, LLC",12/18/2020,AZACITIDINE,"INTRAVENOUS, SUBCUTANEOUS"
1057,Lidocaine Hydrochloride Injection,Current,Anesthesia,Injection,"Hikma Pharmaceuticals USA, Inc.",06/13/2018,LIDOCAINE,"INFILTRATION, PERINEURAL"
1058,"Calcium Chloride; Dextrose; Magnesium Chloride; Sodium Chloride; Sodium Lactate Intraperitoneal Injection, Solution",To Be Discontinued,Renal,Solution,Vantive US Healthcare LLC,08/03/2026,DIANEAL PD-2 WITH DEXTROSE,INTRAPERITONEAL
1059,Palbociclib Capsule,To Be Discontinued,Oncology,Capsule,Pfizer Inc.,04/22/2026,IBRANCE,ORAL
1060,Furosemide Injection,Current,Cardiovascular,Injection,"Hospira, Inc., a Pfizer Company",04/07/2020,FUROSEMIDE,"INTRAMUSCULAR, INTRAVENOUS"
1061,"Rifapentine Tablet, Film Coated",Resolved,Anti-Infective,Tablet,Sanofi-Aventis U.S. LLC,03/25/2020,PRIFTIN,ORAL
1062,Clonazepam Tablet,Current,"Neurology, Pediatric, Psychiatry",Tablet,Rubicon Research Private Limited,03/10/2023,CLONAZEPAM,ORAL
1063,Rifampin Capsule,Current,Anti-Infective,Capsule,"Epic Pharma, LLC",12/22/2021,RIFAMPIN,ORAL
1064,Ifosfamide Injection,Current,"Oncology, Pediatric",Injection,Baxter Healthcare,06/12/2026,IFEX,INTRAVENOUS
1065,Bupivacaine Hydrochloride Injection,Current,Anesthesia,Injection,"Hospira, Inc., a Pfizer Company",02/20/2018,BUPIVACAINE HYDROCHLORIDE,"EPIDURAL, INTRACAUDAL, PERINEURAL"
1066,"Methylphenidate Hydrochloride Tablet, Extended Release",Current,Psychiatry,Tablet,"Lannett Company, Inc.",07/26/2023,METHYLPHENIDATE HYDROCHLORIDE,ORAL
1067,Everolimus Tablet,To Be Discontinued,Transplant,Tablet,"Teva Pharmaceuticals USA, Inc.",03/02/2026,EVEROLIMUS,ORAL
1068,Pilocarpine Hydrochloride Ophthalmic Solution,To Be Discontinued,Ophthalmology,Ophthalmic Solution,AbbVie Inc.,03/24/2026,VUITY,OPHTHALMIC
1069,Desipramine Hydrochloride Tablet,To Be Discontinued,Psychiatry,Tablet,"Avet Pharmaceuticals, Inc.",08/12/2025,DESIPRAMINE HYDROCHLORIDE,ORAL
1070,Riluzole Oral Suspension,Current,Neurology,Oral Suspension,"EDW Pharma, Inc. (formerly Italfarmaco Pharma, Inc.)",01/26/2024,TEGLUTIK,ORAL
1071,Iron Sucrose Injection,To Be Discontinued,Hematology,Injection,"Mylan Institutional, a Viatris Company",05/21/2026,IRON SUCROSE,INTRAVENOUS
1072,Bupivacaine Hydrochloride Injection,Current,Anesthesia,Injection,Eugia US LLC,02/20/2018,BUPIVACAINE HYDROCHLORIDE,"EPIDURAL, INFILTRATION, INTRACAUDAL"
1073,Midazolam Hydrochloride Injection,Current,"Anesthesia, Neurology",Injection,"Hospira, Inc., a Pfizer Company",04/02/2020,MIDAZOLAM,"INTRAMUSCULAR, INTRAVENOUS"
1074,Fentanyl Citrate Injection,Current,"Analgesia/Addiction, Pediatric",Injection,"Hospira, Inc., a Pfizer Company",01/01/2012,FENTANYL CITRATE,"INTRAMUSCULAR, INTRAVENOUS"
1075,Peritoneal Dialysis Solution,To Be Discontinued,Renal,Solution,Fresenius Medical Care North America,03/10/2026,DELFLEX,INTRAPERITONEAL
1076,Dexamethasone Sodium Phosphate Injection,Current,"Dermatology, Endocrinology/Metabolism, Gastroenterology, Hematology, Neurology, Oncology, Ophthalmology, Other, Pulmonary/Allergy, Rheumatology",Injection,"Mylan Institutional, a Viatris Company",02/08/2019,DEXAMETHASONE SODIUM PHOSPHATE,"INTRAMUSCULAR, INTRAVENOUS"
1077,Ropivacaine Hydrochloride Injection,Current,Anesthesia,Injection,"Caplin Steriles, Ltd.",12/22/2020,ROPIVACAINE HYDROCHLORIDE,"EPIDURAL, INFILTRATION, PERINEURAL"
1078,"Amphetamine Aspartate Monohydrate, Amphetamine Sulfate, Dextroamphetamine Saccharate, Dextroamphetamine Sulfate Tablet",Current,Psychiatry,Tablet,Alvogen,10/12/2022,"DEXTROAMPHETAMINE SACCHARATE, AMPHETAMINE ASPARTATE, DEXTROAMPHETAMINE SULFATE, AMPHETAMINE SULFATE TABLETS,CII",ORAL
1080,Morphine Sulfate Injection,Current,Analgesia/Addiction,Injection,"Hikma Pharmaceuticals USA, Inc.",11/03/2017,INFUMORPH 500,"EPIDURAL, INTRATHECAL"
1082,Rocuronium Bromide Injection,Current,Anesthesia,Injection,Baxter Healthcare,02/15/2023,ROCURONIUM BROMIDE,INTRAVENOUS
1083,Fentanyl Citrate Injection,Current,"Analgesia/Addiction, Pediatric",Injection,"Hospira, Inc., a Pfizer Company",01/01/2012,FENTANYL CITRATE,"INTRAMUSCULAR, INTRAVENOUS"
1084,Tiagabine Hydrochloride Tablet,To Be Discontinued,Neurology,Tablet,"Teva Pharmaceuticals USA, Inc.",04/15/2026,TIAGABINE HYDROCHLORIDE,ORAL
1085,Lisdexamfetamine Dimesylate Capsule,Current,Psychiatry,Capsule,"Solco Healthcare US, LLC",07/14/2023,LISDEXAMFETAMINE DIMESYLATE,ORAL
1086,Dexamethasone Sodium Phosphate Injection,Current,"Dermatology, Endocrinology/Metabolism, Gastroenterology, Hematology, Neurology, Oncology, Ophthalmology, Other, Pulmonary/Allergy, Rheumatology",Injection,"Mylan Institutional, a Viatris Company",02/08/2019,DEXAMETHASONE SODIUM PHOSPHATE,"INTRA-ARTICULAR, INTRALESIONAL, INTRAMUSCULAR, INTRAVENOUS, SOFT TISSUE"
1087,Rocuronium Bromide Injection,Current,Anesthesia,Injection,Eugia US LLC,02/15/2023,ROCURONIUM BROMIDE,INTRAVENOUS
1088,Idelalisib Tablet,To Be Discontinued,Oncology,Tablet,"Gilead Sciences, Inc.",04/07/2026,ZYDELIG,ORAL
1089,Rocuronium Bromide Injection,Current,Anesthesia,Injection,"Mylan Institutional, a Viatris Company",02/15/2023,ROCURONIUM BROMIDE,INTRAVENOUS
1090,Dobutamine Hydrochloride Injection,Current,"Cardiovascular, Pediatric, Renal",Injection,"Hospira, Inc., a Pfizer Company",11/06/2017,DOBUTAMINE,INTRAVENOUS
1091,Ropivacaine Hydrochloride Injection,Current,Anesthesia,Injection,"Fresenius Kabi USA, LLC",03/23/2018,NAROPIN,"EPIDURAL, INFILTRATION"
1092,Lidocaine Hydrochloride Injection,Current,"Anesthesia, Pediatric",Injection,"Fresenius Kabi USA, LLC",02/22/2012,XYLOCAINE,"INFILTRATION, PERINEURAL"
1093,Carboplatin Injection,Current,Oncology,Injection,"Hospira, Inc., a Pfizer Company",04/28/2023,CARBOPLATIN,INTRAVENOUS
1094,Penicillin G Benzathine Injection,Current,Anti-Infective,Injection,Pfizer Inc.,04/26/2023,BICILLIN L-A,INTRAMUSCULAR
1095,Gadoterate Meglumine Injection,To Be Discontinued,Medical Imaging,Injection,"Jiangsu Hengrui Pharmaceuticals Co., Ltd.",06/30/2026,GADOTERATE MEGLUMINE,INTRAVENOUS
1096,Rifampin Capsule,Current,Anti-Infective,Capsule,"Epic Pharma, LLC",12/22/2021,RIFAMPIN,ORAL
1098,Semaglutide Tablet,To Be Discontinued,Endocrinology/Metabolism,Tablet,"Novo Nordisk, Inc.",06/04/2026,RYBELSUS,ORAL
1099,Lisdexamfetamine Dimesylate Capsule,Current,Psychiatry,Capsule,"Mylan Pharmaceuticals Inc., a Viatris Company",07/14/2023,LISDEXAMFETAMINE DIMESYLATE,ORAL
1100,Clindamycin Phosphate Injection,Current,Anti-Infective,Injection,Pfizer Inc.,03/21/2023,CLEOCIN PHOSPHATE,"INTRAMUSCULAR, INTRAVENOUS"
1101,Promethazine Hydrochloride Injection,Current,"Analgesia/Addiction, Gastroenterology, Pediatric, Pulmonary/Allergy",Injection,"Hikma Pharmaceuticals USA, Inc.",11/21/2023,PHENERGAN,"INTRAMUSCULAR, INTRAVENOUS"
1102,Hydromorphone Hydrochloride Injection,Current,Analgesia/Addiction,Injection,"Teva Pharmaceuticals USA, Inc.",11/01/2017,HYDROMORPHONE HYDROCHLORIDE,"INTRAMUSCULAR, INTRAVENOUS, SUBCUTANEOUS"
1103,Quinapril Hydrochloride Tablet,Current,Cardiovascular,Tablet,Chartwell Molecular Holdings LLC,01/19/2023,QUINAPRIL,ORAL
1104,Everolimus Tablet,To Be Discontinued,Transplant,Tablet,"Teva Pharmaceuticals USA, Inc.",03/02/2026,EVEROLIMUS,ORAL
1105,Sterile Water Injection,Current,Other,Injection,"Fresenius Kabi USA, LLC",11/23/2021,STERILE WATER,INTRAVENOUS
1106,Lisdexamfetamine Dimesylate Capsule,Current,Psychiatry,Capsule,"Lannett Company, Inc.",09/20/2023,LISDEXAMFETAMINE DIMESYLATE,ORAL
1107,Desipramine Hydrochloride Tablet,To Be Discontinued,Psychiatry,Tablet,"Avet Pharmaceuticals, Inc.",08/12/2025,DESIPRAMINE HYDROCHLORIDE,ORAL
1109,"Amphetamine Aspartate Monohydrate, Amphetamine Sulfate, Dextroamphetamine Saccharate, Dextroamphetamine Sulfate Tablet",Current,Psychiatry,Tablet,"Epic Pharma, LLC",10/12/2022,"DEXTROAMPHETAMINE SACCHARATE, AMPHETAMINE ASPARTATE, DEXTROAMPHETAMINE SULFATE AND AMPHETAMINE SULFATE",ORAL
1110,Azacitidine Injection,Current,Oncology,Injection,"Teva Pharmaceuticals USA, Inc.",12/22/2020,AZACITIDINE,"INTRAVENOUS, SUBCUTANEOUS"
1111,"Amphetamine Aspartate Monohydrate, Amphetamine Sulfate, Dextroamphetamine Saccharate, Dextroamphetamine Sulfate Tablet",Current,Psychiatry,Tablet,"Epic Pharma, LLC",10/12/2022,"DEXTROAMPHETAMINE SACCHARATE, AMPHETAMINE ASPARTATE, DEXTROAMPHETAMINE SULFATE AND AMPHETAMINE SULFATE",ORAL
1112,Allopurinol Tablet,To Be Discontinued,"Oncology, Renal, Rheumatology",Tablet,"Teva Pharmaceuticals USA, Inc.",02/19/2026,ALLOPURINOL,ORAL
1113,"Methylphenidate Hydrochloride Tablet, Extended Release",Current,Psychiatry,Tablet,"Trigen Laboratories, LLC",07/26/2023,METHYLPHENIDATE HYDROCHLORIDE,ORAL
1114,Dobutamine Hydrochloride Injection,To Be Discontinued,"Cardiovascular, Pediatric, Renal",Injection,Pfizer Inc.,08/27/2025,DOBUTAMINE,INTRAVENOUS
1115,Valsartan Tablet,To Be Discontinued,Cardiovascular,Tablet,"Mylan Pharmaceuticals Inc., a Viatris Company",11/19/2025,VALSARTAN,ORAL
1116,Liraglutide Injection,Current,Endocrinology/Metabolism,Injection,"Novo Nordisk, Inc.",07/18/2023,LIRAGLUTIDE,SUBCUTANEOUS
1117,Azacitidine Injection,Current,Oncology,Injection,"Meitheal Pharmaceuticals, Inc.",12/18/2020,AZACITIDINE,"INTRAVENOUS, SUBCUTANEOUS"
1118,"Fluticasone Propionate and Salmeterol Xinafoate Aerosol, Metered",To Be Discontinued,Pulmonary/Allergy,,GlaxoSmithKline,07/27/2026,ADVAIR HFA,RESPIRATORY (INHALATION)
1119,Bupivacaine Hydrochloride Injection,Current,Anesthesia,Injection,"Fresenius Kabi USA, LLC",02/20/2018,SENSORCAINE MPF,"EPIDURAL, RETROBULBAR"
1120,"Lisdexamfetamine Dimesylate Tablet, Chewable",Current,Psychiatry,"Tablet, Chewable",Takeda Pharmaceuticals USA Inc.,07/14/2023,VYVANSE,ORAL
1121,Dexmedetomidine Hydrochloride Injection,Current,Anesthesia,Injection,"Par Health, USA LLC",04/10/2020,DEXMEDETOMIDINE HYDROCHLORIDE,INTRAVENOUS
1122,Ropivacaine Hydrochloride Injection,Current,Anesthesia,Injection,"Somerset Therapeutics, LLC",03/23/2018,ROPIVACAINE HYDROCHLORIDE,"EPIDURAL, INFILTRATION, PERINEURAL"
1123,"Lamotrigine Tablet, Extended Release",To Be Discontinued,Neurology,Tablet,"Par Health, Inc.",04/29/2026,LAMOTRIGINE EXTENDED RELEASE,ORAL
1124,Ropivacaine Hydrochloride Injection,Current,Anesthesia,Injection,"Somerset Therapeutics, LLC",03/23/2018,ROPIVACAINE HYDROCHLORIDE,"EPIDURAL, INFILTRATION, PERINEURAL"
1125,Furosemide Injection,Current,Cardiovascular,Injection,"Hospira, Inc., a Pfizer Company",04/07/2020,FUROSEMIDE,"INTRAMUSCULAR, INTRAVENOUS"
1126,Bupivacaine Hydrochloride Injection,Current,Anesthesia,Injection,"Somerset Therapeutics, LLC",02/20/2018,BUPIVACAINE HYDROCHLORIDE,"INFILTRATION, PERINEURAL"
1127,Lorazepam Injection,Current,Neurology,Injection,"Hikma Pharmaceuticals USA, Inc.",05/03/2018,LORAZEPAM,"INTRAMUSCULAR, INTRAVENOUS"
1128,Dexmedetomidine Hydrochloride Injection,Current,Anesthesia,Injection,Pfizer Inc.,04/10/2020,PRECEDEX,INTRAVENOUS
1129,Sodium Acetate Injection,Current,"Endocrinology/Metabolism, Gastroenterology, Pediatric, Total Parenteral Nutrition",Injection,"Hospira, Inc., a Pfizer Company",02/03/2016,SODIUM ACETATE,INTRAVENOUS
1130,Lidocaine Hydrochloride Injection,Current,Anesthesia,Injection,Eugia US LLC,06/13/2018,LIDOCAINE HYDROCHLORIDE,"INFILTRATION, PERINEURAL"
1131,Quinapril Hydrochloride Tablet,Current,Cardiovascular,Tablet,Aurobindo Pharma USA,01/19/2023,QUINAPRIL,ORAL
1132,Gadoterate Meglumine Injection,To Be Discontinued,Medical Imaging,Injection,"Jiangsu Hengrui Pharmaceuticals Co., Ltd.",06/30/2026,GADOTERATE MEGLUMINE,INTRAVENOUS
1133,Bupivacaine Hydrochloride Injection,Current,Anesthesia,Injection,"Somerset Therapeutics, LLC",02/20/2018,BUPIVACAINE HYDROCHLORIDE,"INFILTRATION, PERINEURAL"
1134,Meperidine Hydrochloride Injection,Current,Analgesia/Addiction,Injection,"Hikma Pharmaceuticals USA, Inc.",05/30/2025,MEPERIDINE HYDROCHLORIDE,"INTRAMUSCULAR, INTRAVENOUS, SUBCUTANEOUS"
1135,Dextrose Monohydrate 10% Injection,Current,"Endocrinology/Metabolism, Gastroenterology, Other, Pediatric",Injection,"Fresenius Kabi USA, LLC",03/01/2022,DEXTROSE,INTRAVENOUS
1136,Sodium Bicarbonate Injection,Current,"Endocrinology/Metabolism, Gastroenterology, Pediatric",Injection,"Exela Pharma Sciences, LLC",07/24/2017,SODIUM BICARBONATE,INTRAVENOUS
1137,Lidocaine Hydrochloride Injection,Current,Anesthesia,Injection,Eugia US LLC,02/20/2018,LIDOCAINE HYDROCHLORIDE,"EPIDURAL, INFILTRATION, INTRACAUDAL, PERINEURAL"
1138,Sodium Acetate Injection,Current,"Endocrinology/Metabolism, Gastroenterology, Pediatric, Total Parenteral Nutrition",Injection,"Hospira, Inc., a Pfizer Company",02/03/2016,SODIUM ACETATE,INTRAVENOUS
1139,Lidocaine Hydrochloride Injection,Current,Anesthesia,Injection,Eugia US LLC,02/20/2018,LIDOCAINE HYDROCHLORIDE,"EPIDURAL, INFILTRATION, INTRACAUDAL, PERINEURAL"
1140,Desonide Lotion,To Be Discontinued,Dermatology,Lotion,"Actavis Pharma, Inc.",09/18/2025,DESONIDE,TOPICAL
1141,Morphine Sulfate Suppository,To Be Discontinued,Analgesia/Addiction,Suppository,Padagis US LLC,07/23/2026,MORPHINE SULFATE,RECTAL
1142,Furosemide Injection,Current,Cardiovascular,Injection,"Hospira, Inc., a Pfizer Company",04/07/2020,FUROSEMIDE,"INTRAMUSCULAR, INTRAVENOUS"
1144,"Lisdexamfetamine Dimesylate Tablet, Chewable",Current,Psychiatry,"Tablet, Chewable",Novadoz Pharmaceuticals LLC,07/14/2023,LISDEXAMFETAMINE DIMESYLATE,ORAL
1145,Ropivacaine Hydrochloride Injection,Current,Anesthesia,Injection,"Somerset Therapeutics, LLC",03/23/2018,ROPIVACAINE HYDROCHLORIDE,EPIDURAL
1146,Idelalisib Tablet,To Be Discontinued,Oncology,Tablet,"Gilead Sciences, Inc.",04/07/2026,ZYDELIG,ORAL
1147,"Carbamazepine Capsule, Extended Release",To Be Discontinued,Neurology,"Capsule, Extended Release",Takeda Pharmaceuticals USA Inc.,12/19/2025,CARBATROL,ORAL
1148,Ampicillin Sodium Injection,To Be Discontinued,Anti-Infective,Injection,Sandoz Inc.,12/08/2025,AMPICILLIN,INTRAVENOUS
1150,"Bendamustine Hydrochloride Injection, Solution",To Be Discontinued,Oncology,Injection,"Cephalon, LLC (a wholly owned subsidiary of Teva Pharmaceutical Industries, Ltd.)",07/23/2026,TREANDA,INTRAVENOUS
1151,Lisdexamfetamine Dimesylate Capsule,Current,Psychiatry,Capsule,SpecGx LLC,07/14/2023,LISDEXAMFETAMINE DIMESYLATE,ORAL
1152,Ropivacaine Hydrochloride Injection,Current,Anesthesia,Injection,"Fresenius Kabi USA, LLC",03/23/2018,NAROPIN,"EPIDURAL, INFILTRATION"
1154,Carboplatin Injection,Current,Oncology,Injection,"Teva Pharmaceuticals USA, Inc.",04/28/2023,CARBOPLATIN,INTRAVENOUS
1155,Methylprednisolone Acetate Injection,Current,Rheumatology,Injection,Pfizer Inc.,12/15/2021,DEPO-MEDROL,"INTRALESIONAL, INTRAMUSCULAR, INTRASYNOVIAL, SOFT TISSUE"
1156,Etravirine Tablet,To Be Discontinued,Antiviral,Tablet,Janssen Research and Development,04/28/2026,ETRAVIRINE,ORAL
1157,Bupivacaine Hydrochloride Injection,Current,Anesthesia,Injection,"Fresenius Kabi USA, LLC",02/20/2018,SENSORCAINE,"INFILTRATION, PERINEURAL"
1158,Lisdexamfetamine Dimesylate Capsule,Current,Psychiatry,Capsule,"Lannett Company, Inc.",07/14/2023,LISDEXAMFETAMINE DIMESYLATE,ORAL
1159,Scopolamine Transdermal System,To Be Discontinued,"Gastroenterology, Neurology, Other",Transdermal System,Padagis US LLC,11/03/2025,SCOPOLAMINE TRANSDERMAL SYSTEM,TRANSDERMAL
1160,Lidocaine Hydrochloride Injection,Current,Anesthesia,Injection,Eugia US LLC,06/13/2018,LIDOCAINE HYDROCHLORIDE,"INFILTRATION, PERINEURAL"
1161,Clindamycin Phosphate Injection,Current,Anti-Infective,Injection,Baxter Healthcare,03/21/2023,CLINDAMYCIN PHOSPHATE,INTRAVENOUS
1162,Morphine Sulfate Injection,Current,Analgesia/Addiction,Injection,"Fresenius Kabi USA, LLC",10/31/2017,MORPHINE SULFATE,"INTRAMUSCULAR, INTRAVENOUS"
1163,"Amphetamine Aspartate Monohydrate, Amphetamine Sulfate, Dextroamphetamine Saccharate, Dextroamphetamine Sulfate Tablet",Current,Psychiatry,Tablet,"Lannett Company, Inc.",10/12/2022,"DEXTROAMPHETAMINE SACCHARATE, AMPHETAMINE ASPARTATE, DEXTROAMPHETAMINE SULFATE AND AMPHETAMINE SULFATE",ORAL
1164,"Bupivacaine Hydrochloride, Epinephrine Bitartrate Injection",Current,Anesthesia,Injection,"Hospira, Inc., a Pfizer Company",02/20/2018,MARCAINE WITH EPINEPHRINE,"EPIDURAL, INFILTRATION, INTRACAUDAL, PERINEURAL"
1165,Lisdexamfetamine Dimesylate Capsule,Current,Psychiatry,Capsule,"Elite Laboratories, Inc.",07/14/2023,LISDEXAMFETAMINE DIMESYLATE,ORAL
1166,Sodium Chloride 0.9% Injection,To Be Discontinued,"Gastroenterology, Other, Renal",Injection,"Hospira, Inc., a Pfizer Company",12/03/2025,SODIUM CHLORIDE,INTRAVENOUS
1167,Lorazepam Injection,Current,Neurology,Injection,"Hikma Pharmaceuticals USA, Inc.",09/05/2018,ATIVAN,"INTRAMUSCULAR, INTRAVENOUS"
1168,Dextrose Monohydrate 5% Injection,Current,"Endocrinology/Metabolism, Gastroenterology, Other, Pediatric",Injection,"Fresenius Kabi USA, LLC",02/14/2022,DEXTROSE,INTRAVENOUS
1169,Quinapril/Hydrochlorothiazide Tablet,Current,Cardiovascular,Tablet,Aurobindo Pharma USA,01/19/2023,QUINAPRIL HYDROCHLORIDE/HYDROCHLOROTHIAZIDE,ORAL
1170,Hydromorphone Hydrochloride Injection,Current,Analgesia/Addiction,Injection,"Teva Pharmaceuticals USA, Inc.",11/01/2017,HYDROMORPHONE HYDROCHLORIDE,"INTRAMUSCULAR, INTRAVENOUS, SUBCUTANEOUS"
1171,Clonazepam Tablet,Current,"Neurology, Pediatric, Psychiatry",Tablet,Aurobindo Pharma USA,03/10/2023,CLONAZEPAM,ORAL
1172,"Methylphenidate Hydrochloride Tablet, Extended Release",Current,Psychiatry,Tablet,"Teva Pharmaceuticals USA, Inc.",07/26/2023,METHYLPHENIDATE HYDROCHLORIDE,ORAL
1173,Semaglutide Tablet,To Be Discontinued,Endocrinology/Metabolism,Tablet,"Novo Nordisk, Inc.",06/04/2026,RYBELSUS,ORAL
1174,Liraglutide Injection,Current,Endocrinology/Metabolism,Injection,"Novo Nordisk, Inc.",07/18/2023,VICTOZA,SUBCUTANEOUS
1175,Dexamethasone Sodium Phosphate Injection,Current,"Dermatology, Endocrinology/Metabolism, Gastroenterology, Hematology, Neurology, Oncology, Ophthalmology, Other, Pulmonary/Allergy, Rheumatology",Injection,"Hikma Pharmaceuticals USA, Inc.",02/08/2019,DEXAMETHASONE SODIUM PHOSPHATE,"INTRA-ARTICULAR, INTRALESIONAL, INTRAMUSCULAR, INTRAVENOUS, SOFT TISSUE"
1176,Atropine Sulfate Injection,Current,"Anesthesia, Neurology, Pediatric",Injection,"Hospira, Inc., a Pfizer Company",01/01/2012,ATROPINE SULFATE,INTRAVENOUS
1177,Gadoterate Meglumine Injection,To Be Discontinued,Medical Imaging,Injection,"Jiangsu Hengrui Pharmaceuticals Co., Ltd.",06/30/2026,GADOTERATE MEGLUMINE,INTRAVENOUS
1178,"Cefotaxime Sodium Powder, for Solution",Current,"Anti-Infective, Pediatric","Powder, For Solution","Hikma Pharmaceuticals USA, Inc.",02/17/2015,CEFOTAXIME,"INTRAMUSCULAR, INTRAVENOUS"
1180,Sodium Acetate Injection,Current,Total Parenteral Nutrition,Injection,Milla Pharmaceuticals,03/23/2016,SODIUM ACETATE,INTRAVENOUS
1181,Lisdexamfetamine Dimesylate Capsule,Current,Psychiatry,Capsule,Amneal Pharmaceuticals,07/14/2023,LISDEXAMFETAMINE DIMESYLATE,ORAL
1182,Dexmedetomidine Hydrochloride Injection,Current,Anesthesia,Injection,"Mylan Institutional, a Viatris Company",04/10/2020,DEXMEDETOMIDINE HYDROCHLORIDE,INTRAVENOUS
1183,Peritoneal Dialysis Solution,To Be Discontinued,Renal,Solution,Fresenius Medical Care North America,03/10/2026,DELFLEX,INTRAPERITONEAL
1184,Hydrocortisone Acetate Suppository,To Be Discontinued,"Analgesia/Addiction, Other",Suppository,Padagis US LLC,07/23/2026,HYDROCORTISONE ACETATE,RECTAL
1185,Cisatracurium Besylate Injection,To Be Discontinued,Analgesia/Addiction,Injection,"Hospira, Inc., a Pfizer Company",05/06/2026,CISATRACURIUM BESYLATE,INTRAVENOUS
1612,Rifampin Injection,Current,Anti-Infective,Injection,"Mylan Institutional, a Viatris Company",02/17/2021,RIFAMPIN,INTRAVENOUS
1186,"Amphetamine Aspartate Monohydrate, Amphetamine Sulfate, Dextroamphetamine Saccharate, Dextroamphetamine Sulfate Tablet",Current,Psychiatry,Tablet,"Teva Pharmaceuticals USA, Inc.",10/12/2022,"DEXTROAMPHETAMINE SACCHARATE, AMPHETAMINE ASPARTATE, DEXTROAMPHETAMINE SULFATE AND AMPHETAMINE SULFATE",ORAL
1188,"Lisdexamfetamine Dimesylate Tablet, Chewable",Current,Psychiatry,"Tablet, Chewable",Novadoz Pharmaceuticals LLC,07/14/2023,LISDEXAMFETAMINE DIMESYLATE,ORAL
1189,Dextrose Monohydrate 10% Injection,Current,"Endocrinology/Metabolism, Gastroenterology, Other, Pediatric",Injection,Baxter Healthcare,03/01/2022,DEXTROSE,INTRAVENOUS
1191,"Amphetamine Aspartate Monohydrate, Amphetamine Sulfate, Dextroamphetamine Saccharate, Dextroamphetamine Sulfate Tablet",Current,Psychiatry,Tablet,"Epic Pharma, LLC",10/12/2022,"DEXTROAMPHETAMINE SACCHARATE, AMPHETAMINE ASPARTATE, DEXTROAMPHETAMINE SULFATE AND AMPHETAMINE SULFATE",ORAL
1192,Clonazepam Tablet,Current,"Neurology, Pediatric, Psychiatry",Tablet,"Teva Pharmaceuticals USA, Inc.",03/10/2023,CLONAZEPAM,ORAL
1193,"Methylphenidate Hydrochloride Tablet, Extended Release",Current,Psychiatry,Tablet,"Vertical Pharmaceuticals, LLC",07/26/2023,RELEXXII,ORAL
1195,Morphine Sulfate Injection,Current,Analgesia/Addiction,Injection,"Hikma Pharmaceuticals USA, Inc.",11/03/2017,DURAMORPH,"EPIDURAL, INTRATHECAL, INTRAVENOUS"
1197,Sodium Bicarbonate Injection,Current,"Endocrinology/Metabolism, Gastroenterology, Pediatric",Injection,Long Grove Pharmaceuticals LLC,03/01/2017,SODIUM BICARBONATE,INTRAVENOUS
1198,Leflunomide Tablet,To Be Discontinued,Rheumatology,Tablet,Sanofi-Aventis U.S. LLC,06/08/2026,ARAVA,ORAL
1199,Dexmedetomidine Hydrochloride Injection,Current,Anesthesia,Injection,Gland Pharma Limited,04/10/2020,DEXMEDETOMIDINE HYDROCHLORIDE,INTRAVENOUS
1200,Penicillin G Benzathine Injection,Current,Anti-Infective,Injection,Pfizer Inc.,04/26/2023,BICILLIN L-A,INTRAMUSCULAR
1201,Technetium TC-99M Pyrophosphate Kit Injection,Current,Medical Imaging,Injection,Curium US LLC,12/27/2023,TECHNESCAN PYP,INTRAVENOUS
1202,"Methylphenidate Hydrochloride Tablet, Extended Release",Current,Psychiatry,Tablet,"Lannett Company, Inc.",07/26/2023,METHYLPHENIDATE HYDROCHLORIDE,ORAL
1203,Dobutamine Hydrochloride Injection,Current,"Cardiovascular, Pediatric, Renal",Injection,"Hospira, Inc., a Pfizer Company",11/06/2017,DOBUTAMINE,INTRAVENOUS
1204,Remifentanil Hydrochloride Injection,Current,Analgesia/Addiction,Injection,"Fresenius Kabi USA, LLC",06/28/2022,REMIFENTANIL HYDROCHLORIDE,INTRAVENOUS
1206,Cromolyn Sodium Concentrate,Current,Pulmonary/Allergy,Concentrate,"Mylan Specialty, a Viatris Company",11/03/2023,GASTROCROM,ORAL
1207,Midazolam Hydrochloride Injection,Current,"Anesthesia, Neurology",Injection,"Hospira, Inc., a Pfizer Company",04/02/2020,MIDAZOLAM,"INTRAMUSCULAR, INTRAVENOUS"
1208,"Streptozocin Powder, For Solution",Current,Oncology,"Powder, For Solution","ESTEVE PHARMACEUTICALS, S.A.",07/12/2022,QUZYTTIR,INTRAVENOUS
1209,"Methylphenidate Hydrochloride Tablet, Extended Release",Current,Psychiatry,Tablet,Janssen Pharmaceuticals,07/26/2023,CONCERTA,ORAL
1210,Dopamine Hydrochloride Injection,Current,Cardiovascular,Injection,Baxter Healthcare,11/06/2017,DOPAMINE HYDROCHLORIDE AND DEXTROSE,INTRAVENOUS
1211,Ropivacaine Hydrochloride Injection,Current,Anesthesia,Injection,InfoRLife SA,03/27/2018,ROPIVACAINE HYDROCHLORIDE,"EPIDURAL, INFILTRATION"
1212,Ketorolac Tromethamine Injection,Current,Analgesia/Addiction,Injection,Gland Pharma Limited,06/06/2018,KETOROLAC TROMETHAMINE,INTRAMUSCULAR
1213,Dexmedetomidine Hydrochloride Injection,Current,Anesthesia,Injection,Baxter Healthcare,04/10/2020,DEXMEDETOMIDINE HYDROCHLORIDE,INTRAVENOUS
1214,Morphine Sulfate Injection,Current,Analgesia/Addiction,Injection,"Amphastar Pharmaceuticals, Inc.",12/06/2018,MORPHINE SULFATE,INTRAVENOUS
1215,Sterile Water Injection,Current,Other,Injection,"Hospira, Inc., a Pfizer Company",12/03/2021,BACTERIOSTATIC WATER,"INTRAMUSCULAR, INTRAVENOUS, SUBCUTANEOUS"
1216,Methylprednisolone Acetate Injection,Current,Rheumatology,Injection,Pfizer Inc.,12/15/2021,DEPO-MEDROL,"INTRALESIONAL, INTRAMUSCULAR, INTRASYNOVIAL, SOFT TISSUE, INTRA-ARTICULAR"
1217,Emtricitabine Oral Solution,To Be Discontinued,Anti-Infective,Oral Solution,"Gilead Sciences, Inc.",06/17/2026,EMTRIVA,ORAL
1218,Ropivacaine Hydrochloride Injection,Current,Anesthesia,Injection,"Fresenius Kabi USA, LLC",03/23/2018,NAROPIN,"EPIDURAL, INFILTRATION"
1219,Activated Charcoal Oral Suspension,To Be Discontinued,Other,Oral Suspension,Padagis US LLC,05/15/2026,ACTIDOSE AQUA,ORAL
1220,Dexmedetomidine Hydrochloride Injection,Current,Anesthesia,Injection,Pfizer Inc.,04/10/2020,PRECEDEX,INTRAVENOUS
1221,Palbociclib Capsule,To Be Discontinued,Oncology,Capsule,Pfizer Inc.,04/22/2026,IBRANCE,ORAL
1222,Bupivacaine Hydrochloride Injection,Current,Anesthesia,Injection,"Fresenius Kabi USA, LLC",02/20/2018,SENSORCAINE MPF,"EPIDURAL, RETROBULBAR"
1223,Phenobarbital Tablet,To Be Discontinued,"Analgesia/Addiction, Neurology, Other",Tablet,"Endo Pharmaceuticals, Inc.",10/31/2025,PHENOBARBITAL,ORAL
1224,Gemcitabine Hydrochloride Injection,To Be Discontinued,Oncology,Injection,"Hospira, Inc., a Pfizer Company",09/11/2025,GEMCITABINE,INTRAVENOUS
1225,Bupivacaine Hydrochloride Injection,Current,Anesthesia,Injection,Eugia US LLC,02/20/2018,BUPIVACAINE HYDROCHLORIDE,PERINEURAL
1226,Lisdexamfetamine Dimesylate Capsule,Current,Psychiatry,Capsule,"Solco Healthcare US, LLC",07/14/2023,LISDEXAMFETAMINE DIMESYLATE,ORAL
1227,"Epinephrine Bitartrate, Lidocaine Hydrochloride Injection",Current,"Anesthesia, Pediatric",Injection,"Hospira, Inc., a Pfizer Company",02/22/2012,LIDOCAINE HYDROCHLORIDE AND EPINEPHRINE,"INFILTRATION, PERINEURAL"
1228,Ropivacaine Hydrochloride Injection,Current,Anesthesia,Injection,"Somerset Therapeutics, LLC",03/23/2018,ROPIVACAINE HYDROCHLORIDE,"EPIDURAL, INFILTRATION, PERINEURAL"
1229,Technetium TC-99M Pyrophosphate Kit Injection,Current,Medical Imaging,Injection,"Sun Pharmaceutical Industries, Inc.",12/27/2023,KIT FOR THE PREPARATION OF TECHNETIUM TC99M PYROPHOSPHATE,INTRAVENOUS
1230,Atazanavir Sulfate; Cobicistat Tablet,To Be Discontinued,Antiviral,Tablet,Bristol Myers Squibb Co.,11/03/2025,EVOTAZ,ORAL
1231,Fluphenazine Hydrochloride Tablet,To Be Discontinued,"Neurology, Psychiatry",Tablet,"Upsher-Smith Laboratories, LLC",09/18/2025,FLUPHENAZINE HYDROCHLORIDE,ORAL
1232,Sterile Water Injection,Current,Other,Injection,"Fresenius Kabi USA, LLC",11/23/2021,STERILE WATER,"INTRAMUSCULAR, INTRAVENOUS, SUBCUTANEOUS"
1233,Lidocaine Hydrochloride Injection,Current,Anesthesia,Injection,Eugia US LLC,06/13/2018,LIDOCAINE HYDROCHLORIDE,"INFILTRATION, PERINEURAL"
1234,"Amphetamine Aspartate Monohydrate, Amphetamine Sulfate, Dextroamphetamine Saccharate, Dextroamphetamine Sulfate Tablet",Current,Psychiatry,Tablet,Aurobindo Pharma USA,10/12/2022,"DEXTROAMPHETAMINE SACCHARATE, AMPHETAMINE ASPARTATE, DEXTROAMPHETAMINE SULFATE AND AMPHETAMINE SULFATE",ORAL
1235,Promethazine Hydrochloride Injection,Current,"Analgesia/Addiction, Gastroenterology, Pediatric, Pulmonary/Allergy",Injection,"Hikma Pharmaceuticals USA, Inc.",11/21/2023,PHENERGAN,INTRAMUSCULAR
1236,Belladonna and Opium Suppository,To Be Discontinued,Analgesia/Addiction,Suppository,Padagis US LLC,07/23/2026,BELLADONNA AND OPIUM,RECTAL
1237,Morphine Sulfate Injection,Current,Analgesia/Addiction,Injection,"Hospira, Inc., a Pfizer Company",10/31/2017,MORPHINE SULFATE,INTRAVENOUS
1238,Gadobutrol Injection,To Be Discontinued,Medical Imaging,Injection,"Jiangsu Hengrui Pharmaceuticals Co., Ltd.",06/30/2026,GADOBUTROL,INTRAVENOUS
1239,Bupivacaine Hydrochloride Injection,Current,Anesthesia,Injection,"Fresenius Kabi USA, LLC",02/20/2018,SENSORCAINE MPF,"EPIDURAL, INTRACAUDAL, PERINEURAL, INFILTRATION"
1240,Lidocaine Hydrochloride Injection,Current,Anesthesia,Injection,Eugia US LLC,02/20/2018,LIDOCAINE HYDROCHLORIDE,"EPIDURAL, INFILTRATION, INTRACAUDAL, PERINEURAL"
1241,Dextrose Monohydrate 5% Injection,Current,"Endocrinology/Metabolism, Gastroenterology, Other, Pediatric",Injection,Baxter Healthcare,02/14/2022,DEXTROSE,INTRAVENOUS
1243,Ursodiol Capsule,To Be Discontinued,Other,Capsule,Strides Pharma Inc.,04/06/2026,URSODIOL,ORAL
1244,Adalimumab-adaz Injection,To Be Discontinued,Rheumatology,Injection,Sandoz Inc.,01/13/2026,HYRIMOZ,SUBCUTANEOUS
1245,"Amphetamine Aspartate Monohydrate, Amphetamine Sulfate, Dextroamphetamine Saccharate, Dextroamphetamine Sulfate Tablet",Current,Psychiatry,Tablet,SpecGx LLC,10/12/2022,DEXTROAMPHETAMINE SACCHARATE AND AMPHETAMINE ASPARTATE AND DEXTROAMPHETAMINE SULFATE AND AMPHETAMINE SULFATE,ORAL
1246,Albuterol Sulfate Solution,Current,"Pulmonary/Allergy, Pediatric",Solution,Nephron Pharmaceuticals Corporation,10/25/2022,ALBUTEROL SULFATE,RESPIRATORY (INHALATION)
1247,Lisdexamfetamine Dimesylate Capsule,Current,Psychiatry,Capsule,"Mylan Pharmaceuticals Inc., a Viatris Company",07/14/2023,LISDEXAMFETAMINE DIMESYLATE,ORAL
1248,Dextrose Monohydrate 5% Injection,Current,"Endocrinology/Metabolism, Gastroenterology, Other, Pediatric",Injection,Otsuka ICU Medical LLC,02/14/2022,DEXTROSE,INTRAVENOUS
1249,Rocuronium Bromide Injection,Current,Anesthesia,Injection,Eugia US LLC,02/15/2023,ROCURONIUM BROMIDE,INTRAVENOUS
1250,Ramelteon Tablet,To Be Discontinued,Psychiatry,Tablet,Takeda Pharmaceuticals USA Inc.,03/19/2026,ROZEREM,ORAL
1251,Ropivacaine Hydrochloride Injection,Current,Anesthesia,Injection,"Caplin Steriles, Ltd.",12/22/2020,ROPIVACAINE HYDROCHLORIDE,"EPIDURAL, INFILTRATION, PERINEURAL"
1252,Lidocaine Hydrochloride Injection,Current,"Anesthesia, Pediatric",Injection,Anthea Pharma,02/22/2012,LIDOCAINE HYDROCHLORIDE,"EPIDURAL, INFILTRATION, INTRACAUDAL, PERINEURAL"
1253,Clindamycin Phosphate Injection,Current,Anti-Infective,Injection,Sagent Pharmaceuticals,03/21/2023,CLINDAMYCIN,"INTRAMUSCULAR, INTRAVENOUS"
1254,Metronidazole Injection,Current,Anti-Infective,Injection,InfoRLife SA,01/13/2022,METRONIDAZOLE,INTRAVENOUS
1255,Heparin Sodium Injection,Current,Hematology,Injection,B. Braun Medical Inc.,11/14/2017,HEPARIN SODIUM IN SODIUM CHLORIDE,INTRAVENOUS
1256,Benztropine Mesylate Injection,To Be Discontinued,Neurology,Injection,"Fresenius Kabi USA, LLC",01/27/2026,BENZTROPINE MESYLATE,"INTRAMUSCULAR, INTRAVENOUS"
1257,Valproate Sodium Injection,Current,Neurology,Injection,"Hikma Pharmaceuticals USA, Inc.",12/30/2020,VALPROATE SODIUM,INTRAVENOUS
1258,Quinapril Hydrochloride Tablet,Current,Cardiovascular,Tablet,"Solco Healthcare US, LLC",01/19/2023,QUINAPRIL,ORAL
1259,Hydroxocobalamin Injection,Current,Other,Injection,"Teva Pharmaceuticals USA, Inc.",11/04/2024,HYDROXOCOBALAMIN,INTRAMUSCULAR
1260,"Calcium Chloride; Dextrose; Magnesium Chloride; Sodium Chloride; Sodium Lactate Intraperitoneal Injection, Solution",To Be Discontinued,Renal,Solution,Vantive US Healthcare LLC,08/03/2026,DIANEAL PD-2 WITH DEXTROSE,INTRAPERITONEAL
1261,Lisdexamfetamine Dimesylate Capsule,Current,Psychiatry,Capsule,Alvogen,07/14/2023,LISDEXAMFETAMINE DIMESYLATE,ORAL
1262,Etomidate Injection,Current,Anesthesia,Injection,Gland Pharma Limited,10/05/2022,ETOMIDATE,INTRAVENOUS
1263,Sodium Bicarbonate Injection,Current,"Endocrinology/Metabolism, Gastroenterology, Pediatric",Injection,"Exela Pharma Sciences, LLC",07/24/2017,SODIUM BICARBONATE,INTRAVENOUS
1265,Remifentanil Hydrochloride Injection,Current,Analgesia/Addiction,Injection,"Mylan Institutional, a Viatris Company",06/28/2022,ULTIVA,INTRAVENOUS
1266,Ifosfamide Injection,Current,"Oncology, Pediatric",Injection,"Fresenius Kabi USA, LLC",06/12/2026,IFOSFAMIDE,INTRAVENOUS
1267,"Calcium Chloride; Dextrose; Magnesium Chloride; Sodium Chloride; Sodium Lactate Intraperitoneal Injection, Solution",To Be Discontinued,Renal,Solution,Vantive US Healthcare LLC,08/03/2026,DIANEAL LOW CALCIUM WITH DEXTROSE,INTRAPERITONEAL
1269,Fondaparinux Sodium Injection,To Be Discontinued,Hematology,Injection,"Jiangsu Hengrui Pharmaceuticals Co. (US Agent eVenus Pharmaceutical Laboratories, Inc.)",09/29/2025,FONDAPARINUX SODIUM,SUBCUTANEOUS
1271,Bupivacaine Hydrochloride Injection,Current,Anesthesia,Injection,Kindos Pharmaceuticals Co. Ltd.,02/20/2018,BUPIVACAINE HYDROCHLORIDE,PERINEURAL
1272,Rocuronium Bromide Injection,Current,Anesthesia,Injection,"Hospira, Inc., a Pfizer Company",02/15/2023,ROCURONIUM BROMIDE,INTRAVENOUS
1273,"Amphetamine Aspartate Monohydrate, Amphetamine Sulfate, Dextroamphetamine Saccharate, Dextroamphetamine Sulfate Tablet",Current,Psychiatry,Tablet,"Sunrise Pharmaceutical, Inc.",10/12/2022,"DEXTROAMPHETAMINE SACCHARATE, AMPHETAMINE ASPARTATE, DEXTROAMPHETAMINE SULFATE AND AMPHETAMINE SULFATE",ORAL
1274,Clindamycin Palmitate Hydrochloride Injection,To Be Discontinued,Anti-Infective,Injection,Amneal Pharmaceuticals,02/27/2026,CLINDAMYCIN PALMITATE HYDROCHLORIDE (PEDIATRIC),ORAL
1276,Furosemide Injection,Current,Cardiovascular,Injection,"Fresenius Kabi USA, LLC",04/07/2020,FUROSEMIDE,"INTRAMUSCULAR, INTRAVENOUS"
1277,Valsartan Tablet,To Be Discontinued,Cardiovascular,Tablet,"Mylan Pharmaceuticals Inc., a Viatris Company",11/19/2025,VALSARTAN,ORAL
1278,Carboplatin Injection,Current,Oncology,Injection,Teyro Labs,04/28/2023,CARBOPLATIN,INTRAVENOUS
1279,Spironolactone Tablet,To Be Discontinued,Cardiovascular,Tablet,Pfizer Inc.,12/10/2025,ALDACTONE,ORAL
1280,Lisdexamfetamine Dimesylate Capsule,Current,Psychiatry,Capsule,Alvogen,07/14/2023,LISDEXAMFETAMINE DIMESYLATE,ORAL
1281,Dexmedetomidine Hydrochloride Injection,Current,Anesthesia,Injection,"Jiangsu Hengrui Pharmaceuticals Co., Ltd.",04/10/2020,DEXMEDETOMIDINE HYDROCHLORIDE IN 0.9% SODIUM CHLORIDE,INTRAVENOUS
1282,Phenobarbital Tablet,To Be Discontinued,"Analgesia/Addiction, Neurology, Other",Tablet,"Endo Pharmaceuticals, Inc.",10/31/2025,PHENOBARBITAL,ORAL
1283,Lidocaine Hydrochloride Injection,Current,"Anesthesia, Pediatric",Injection,"Hospira, Inc., a Pfizer Company",02/22/2012,LIDOCAINE HYDROCHLORIDE,"INFILTRATION, PERINEURAL"
1284,"Cefotaxime Sodium Powder, for Solution",Current,"Anti-Infective, Pediatric","Powder, For Solution","Hikma Pharmaceuticals USA, Inc.",02/17/2015,CEFOTAXIME,INTRAVENOUS
1286,Ropivacaine Hydrochloride Injection,Current,Anesthesia,Injection,"Fresenius Kabi USA, LLC",03/23/2018,NAROPIN,"EPIDURAL, INFILTRATION, PERINEURAL"
1287,Lidocaine Hydrochloride Injection,Current,Cardiovascular,Injection,Baxter Healthcare,10/25/2017,LIDOCAINE HYDROCHLORIDE AND DEXTROSE,INTRAVENOUS
1289,Morphine Sulfate Injection,Current,Analgesia/Addiction,Injection,"Fresenius Kabi USA, LLC",10/31/2017,MORPHINE SULFATE,"INTRAMUSCULAR, INTRAVENOUS"
1290,Hydromorphone Hydrochloride Injection,Current,Analgesia/Addiction,Injection,"Hospira, Inc., a Pfizer Company",11/01/2017,HYDROMORPHONE HYDROCHLORIDE,"INTRAMUSCULAR, INTRAVENOUS, SUBCUTANEOUS"
1291,Bupivacaine Hydrochloride Injection,Current,Anesthesia,Injection,"Fresenius Kabi USA, LLC",02/20/2018,SENSORCAINE,PERINEURAL
1292,"Bupivacaine Hydrochloride, Epinephrine Bitartrate Injection",Current,Anesthesia,Injection,"Hospira, Inc., a Pfizer Company",02/20/2018,BUPIVACAINE HYDROCHLORIDE AND EPINEPHRINE,"EPIDURAL, INFILTRATION, INTRACAUDAL, PERINEURAL"
1293,Ropivacaine Hydrochloride Injection,Current,Anesthesia,Injection,"Fresenius Kabi USA, LLC",03/23/2018,NAROPIN,"EPIDURAL, PERINEURAL"
1294,Liraglutide Injection,To Be Discontinued,Endocrinology/Metabolism,Injection,"Teva Pharmaceuticals USA, Inc.",05/14/2026,LIRAGLUTIDE,SUBCUTANEOUS
1297,Ivabradine Hydrochloride Tablet,To Be Discontinued,Cardiovascular,Tablet,Amgen Inc.,03/24/2026,CORLANOR,ORAL
1298,"Bupivacaine Hydrochloride, Epinephrine Bitartrate Injection",Current,Anesthesia,Injection,"Hospira, Inc., a Pfizer Company",02/20/2018,MARCAINE WITH EPINEPHRINE,"EPIDURAL, INFILTRATION, INTRACAUDAL, PERINEURAL"
1299,Rocuronium Bromide Injection,Current,Anesthesia,Injection,Sandoz Inc.,02/15/2023,ROCURONIUM BROMIDE,INTRAVENOUS
1300,Sodium Bicarbonate Injection,Current,"Endocrinology/Metabolism, Gastroenterology, Pediatric",Injection,"Fresenius Kabi USA, LLC",07/24/2017,SODIUM BICARBONATE,INTRAVENOUS
1301,Lisdexamfetamine Dimesylate Capsule,Current,Psychiatry,Capsule,"Solco Healthcare US, LLC",07/14/2023,LISDEXAMFETAMINE DIMESYLATE,ORAL
1302,Dexmedetomidine Hydrochloride Injection,Current,Anesthesia,Injection,"Azurity Pharmaceuticals, Inc",04/10/2020,DEXMEDETOMIDINE HYDROCHLORIDE,INTRAVENOUS
1304,Ketorolac Tromethamine Injection,Current,Analgesia/Addiction,Injection,Sagent Pharmaceuticals,03/26/2018,KETOROLAC TROMETHAMINE,"INTRAMUSCULAR, INTRAVENOUS"
1305,Calcitriol Capsule,To Be Discontinued,Endocrinology/Metabolism,Capsule,"Teva Pharmaceuticals USA, Inc.",12/04/2025,CALCITRIOL,ORAL
1306,Carboplatin Injection,Current,Oncology,Injection,Eugia US LLC,04/28/2023,CARBOPLATIN,INTRAVENOUS
1307,Bupivacaine Hydrochloride Injection,Current,Anesthesia,Injection,Eugia US LLC,02/20/2018,BUPIVACAINE HYDROCHLORIDE,"EPIDURAL, INFILTRATION, INTRACAUDAL"
1308,"Methylphenidate Hydrochloride Tablet, Extended Release",Current,Psychiatry,Tablet,Janssen Pharmaceuticals,07/26/2023,CONCERTA,ORAL
1310,Ropivacaine Hydrochloride Injection,Current,Anesthesia,Injection,Eugia US LLC,03/23/2018,ROPIVACAINE HYDROCHLORIDE,"EPIDURAL, INFILTRATION, PERINEURAL"
1311,Lisdexamfetamine Dimesylate Capsule,Current,Psychiatry,Capsule,"Teva Pharmaceuticals USA, Inc.",07/14/2023,LISDEXAMFETAMINE DIMESYLATE,ORAL
1312,Dexmedetomidine Hydrochloride Injection,Current,Anesthesia,Injection,Baxter Healthcare,04/10/2020,DEXMEDETOMIDINE HYDROCHLORIDE,INTRAVENOUS
1313,Allopurinol Tablet,To Be Discontinued,"Oncology, Renal, Rheumatology",Tablet,"Teva Pharmaceuticals USA, Inc.",02/19/2026,ALLOPURINOL,ORAL
1315,"Lisdexamfetamine Dimesylate Tablet, Chewable",Current,Psychiatry,"Tablet, Chewable",Novadoz Pharmaceuticals LLC,07/14/2023,LISDEXAMFETAMINE DIMESYLATE,ORAL
1316,Dexmedetomidine Hydrochloride Injection,Current,Anesthesia,Injection,Amneal Pharmaceuticals,04/10/2020,DEXMEDETOMIDINE HYDROCHLORIDE,INTRAVENOUS
1317,Plerixafor Injection,To Be Discontinued,Hematology,Injection,"Fresenius Kabi USA, LLC",03/13/2026,PLERIXAFOR,SUBCUTANEOUS
1318,Lidocaine Hydrochloride Injection,Current,"Anesthesia, Pediatric",Injection,"Fresenius Kabi USA, LLC",02/22/2012,XYLOCAINE MPF,"EPIDURAL, INFILTRATION, INTRACAUDAL, PERINEURAL"
1319,Cisatracurium Besylate Injection,To Be Discontinued,Analgesia/Addiction,Injection,"Hospira, Inc., a Pfizer Company",05/06/2026,CISATRACURIUM BESYLATE,INTRAVENOUS
1320,"Bupivacaine Hydrochloride, Epinephrine Bitartrate Injection",Current,Anesthesia,Injection,"Hospira, Inc., a Pfizer Company",02/20/2018,BUPIVACAINE HYDROCHLORIDE AND EPINEPHRINE,"INFILTRATION, PERINEURAL"
1321,Bumetanide Injection,Current,Cardiovascular,Injection,"Hikma Pharmaceuticals USA, Inc.",01/31/2018,BUMETANIDE,"INTRAMUSCULAR, INTRAVENOUS"
1322,Lorazepam Injection,Current,Neurology,Injection,"Hikma Pharmaceuticals USA, Inc.",09/05/2018,LORAZEPAM,"INTRAMUSCULAR, INTRAVENOUS"
1324,Atropine Sulfate Injection,Current,"Anesthesia, Neurology, Pediatric",Injection,"Somerset Therapeutics, LLC",01/01/2012,ATROPINE SULFATE,INTRAVENOUS
1325,Lisdexamfetamine Dimesylate Capsule,Current,Psychiatry,Capsule,"Lannett Company, Inc.",07/14/2023,LISDEXAMFETAMINE DIMESYLATE,ORAL
1326,Clonazepam Tablet,Current,"Neurology, Pediatric, Psychiatry",Tablet,"Teva Pharmaceuticals USA, Inc.",03/10/2023,CLONAZEPAM,ORAL
1327,Ropivacaine Hydrochloride Injection,Current,Anesthesia,Injection,Eugia US LLC,03/23/2018,ROPIVACAINE HYDROCHLORIDE,EPIDURAL
1328,Bupivacaine Hydrochloride Injection,Current,Anesthesia,Injection,"Hospira, Inc., a Pfizer Company",02/20/2018,BUPIVACAINE HYDROCHLORIDE,"INFILTRATION, PERINEURAL"
1330,"Amphetamine Aspartate Monohydrate, Amphetamine Sulfate, Dextroamphetamine Saccharate, Dextroamphetamine Sulfate Tablet",Current,Psychiatry,Tablet,Aurobindo Pharma USA,10/12/2022,"DEXTROAMPHETAMINE SACCHARATE, AMPHETAMINE ASPARTATE, DEXTROAMPHETAMINE SULFATE AND AMPHETAMINE SULFATE",ORAL
1331,Rifampin Injection,Current,Anti-Infective,Injection,Sanofi-Aventis U.S. LLC,02/17/2021,RIFADIN IV,INTRAVENOUS
1332,Lisdexamfetamine Dimesylate Capsule,Current,Psychiatry,Capsule,"Solco Healthcare US, LLC",07/14/2023,LISDEXAMFETAMINE DIMESYLATE,ORAL
1333,Dacomitinib Tablet,To Be Discontinued,Oncology,Tablet,Pfizer Inc.,06/08/2026,VIZIMPRO,ORAL
1334,Cefepime Hydrochloride Injection,To Be Discontinued,Anti-Infective,Injection,"Fresenius Kabi USA, LLC",02/10/2026,CEFEPIME,"INTRAMUSCULAR, INTRAVENOUS"
1335,Carboplatin Injection,Current,Oncology,Injection,"Teva Pharmaceuticals USA, Inc.",04/28/2023,CARBOPLATIN,INTRAVENOUS
1336,Phenobarbital Tablet,To Be Discontinued,"Analgesia/Addiction, Neurology, Other",Tablet,"Endo Pharmaceuticals, Inc.",10/31/2025,PHENOBARBITAL,ORAL
1337,"Amphetamine Aspartate Monohydrate, Amphetamine Sulfate, Dextroamphetamine Saccharate, Dextroamphetamine Sulfate Tablet",Current,Psychiatry,Tablet,"Lannett Company, Inc.",10/12/2022,"DEXTROAMPHETAMINE SACCHARATE, AMPHETAMINE ASPARTATE, DEXTROAMPHETAMINE SULFATE AND AMPHETAMINE SULFATE",ORAL
1338,Sumatriptan Nasal Spray,To Be Discontinued,Neurology,Nasal Spray,Prasco Laboratories,09/08/2025,SUMATRIPTAN,NASAL
1339,Ampicillin Sodium Injection,To Be Discontinued,Anti-Infective,Injection,Sandoz Inc.,12/08/2025,AMPICILLIN,INTRAVENOUS
1340,Dextrose Monohydrate 5% Injection,Current,"Endocrinology/Metabolism, Gastroenterology, Other, Pediatric",Injection,Baxter Healthcare,02/14/2022,DEXTROSE,INTRAVENOUS
1341,Carboplatin Injection,Current,Oncology,Injection,"Hospira, Inc., a Pfizer Company",04/28/2023,CARBOPLATIN,INTRAVENOUS
1343,Methylprednisolone Acetate Injection,Current,Rheumatology,Injection,Pfizer Inc.,12/15/2021,DEPO-MEDROL,"INTRA-ARTICULAR, INTRALESIONAL, INTRAMUSCULAR, SOFT TISSUE"
1344,Dopamine Hydrochloride Injection,Current,Cardiovascular,Injection,Baxter Healthcare,11/06/2017,DOPAMINE HYDROCHLORIDE AND DEXTROSE,INTRAVENOUS
1345,Ropivacaine Hydrochloride Injection,Current,Anesthesia,Injection,"Fresenius Kabi USA, LLC",03/23/2018,ROPIVACAINE HYDROCHLORIDE,"EPIDURAL, INFILTRATION, PERINEURAL"
1346,"Lisdexamfetamine Dimesylate Tablet, Chewable",Current,Psychiatry,"Tablet, Chewable",Takeda Pharmaceuticals USA Inc.,07/14/2023,VYVANSE,ORAL
1347,Dexmedetomidine Hydrochloride Injection,Current,Anesthesia,Injection,Pfizer Inc.,04/10/2020,PRECEDEX,INTRAVENOUS
1348,Bupivacaine Hydrochloride Injection,Current,Anesthesia,Injection,"Somerset Therapeutics, LLC",02/20/2018,BUPIVACAINE HYDROCHLORIDE,"INFILTRATION, PERINEURAL"
1349,"Bupivacaine Hydrochloride, Epinephrine Bitartrate Injection",Current,Anesthesia,Injection,"Fresenius Kabi USA, LLC",02/20/2018,SENSORCAINE MPF,"EPIDURAL, INFILTRATION, INTRACAUDAL, PERINEURAL"
1350,Morphine Sulfate Injection,Current,Analgesia/Addiction,Injection,"Hospira, Inc., a Pfizer Company",10/31/2017,MORPHINE SULFATE,"EPIDURAL, INTRATHECAL, INTRAVENOUS"
1351,Etomidate Injection,Current,Anesthesia,Injection,"Mylan Institutional, a Viatris Company",10/05/2022,ETOMIDATE,INTRAVENOUS
1352,Sterile Water Injection,Current,Other,Injection,"Hospira, Inc., a Pfizer Company",11/23/2021,STERILE WATER,"INTRAMUSCULAR, INTRAVENOUS, SUBCUTANEOUS"
1353,Lopinavir and Ritonavir Tablet,To Be Discontinued,Antiviral,Tablet,AbbVie Inc.,07/24/2026,KALETRA,ORAL
1354,Dexmedetomidine Hydrochloride Injection,Current,Anesthesia,Injection,Gland Pharma Limited,04/10/2020,DEXMEDETOMIDINE HYDROCHLORIDE,INTRAVENOUS
1356,"Calcium Chloride; Dextrose; Magnesium Chloride; Sodium Chloride; Sodium Lactate Intraperitoneal Injection, Solution",To Be Discontinued,Renal,Solution,Vantive US Healthcare LLC,08/03/2026,DIANEAL PD-2 WITH DEXTROSE,INTRAPERITONEAL
1359,Sterile Water Irrigant,Current,"Gastroenterology, Other, Pediatric",Irrigant,Baxter Healthcare,04/28/2023,STERILE WATER,IRRIGATION
1360,Meperidine Hydrochloride Injection,Current,Analgesia/Addiction,Injection,"Hikma Pharmaceuticals USA, Inc.",05/30/2025,MEPERIDINE HYDROCHLORIDE,"INTRAMUSCULAR, INTRAVENOUS, SUBCUTANEOUS"
1361,"Amphetamine Aspartate Monohydrate, Amphetamine Sulfate, Dextroamphetamine Saccharate, Dextroamphetamine Sulfate Tablet",Current,Psychiatry,Tablet,Aurobindo Pharma USA,10/12/2022,"DEXTROAMPHETAMINE SACCHARATE, AMPHETAMINE ASPARTATE, DEXTROAMPHETAMINE SULFATE AND AMPHETAMINE SULFATE",ORAL
1362,Amino Acid Injection,Current,Gastroenterology,Injection,B. Braun Medical Inc.,12/08/2020,TROPHAMINE,INTRAVENOUS
1363,Dexmedetomidine Hydrochloride Injection,Current,Anesthesia,Injection,Pfizer Inc.,04/10/2020,PRECEDEX,INTRAVENOUS
1364,Remifentanil Hydrochloride Injection,Current,Analgesia/Addiction,Injection,"Hikma Pharmaceuticals USA, Inc.",06/28/2022,REMIFENTANIL HYDROCHLORIDE,INTRAVENOUS
1365,Hydromorphone Hydrochloride Injection,Current,Analgesia/Addiction,Injection,"Fresenius Kabi USA, LLC",11/01/2017,DILAUDID,"INTRAMUSCULAR, INTRAVENOUS, SUBCUTANEOUS"
1366,Bupivacaine Hydrochloride Injection,To Be Discontinued,Anesthesia,Injection,Kindos Pharmaceuticals Co. Ltd.,05/05/2026,BUPIVACAINE HYDROCHLORIDE,"INFILTRATION, PERINEURAL"
1367,Atropine Sulfate Injection,Current,"Anesthesia, Neurology, Pediatric",Injection,"Hospira, Inc., a Pfizer Company",01/01/2012,ATROPINE SULFATE,INTRAVENOUS
1368,Etomidate Injection,Current,Anesthesia,Injection,"Hikma Pharmaceuticals USA, Inc.",10/05/2022,ETOMIDATE,INTRAVENOUS
1369,"Calcium Chloride; Dextrose; Magnesium Chloride; Sodium Chloride; Sodium Lactate Intraperitoneal Injection, Solution",To Be Discontinued,Renal,Solution,Vantive US Healthcare LLC,08/03/2026,DIANEAL PD-2 WITH DEXTROSE,INTRAPERITONEAL
1370,Clindamycin Phosphate Injection,To Be Discontinued,Anti-Infective,Injection,Pfizer Inc.,06/01/2026,CLEOCIN PHOSPHATE,"INTRAMUSCULAR, INTRAVENOUS"
1371,Pindolol Tablet,To Be Discontinued,Cardiovascular,Tablet,"Sun Pharmaceutical Industries, Inc.",01/30/2026,PINDOLOL,ORAL
1372,Furosemide Injection,Current,Cardiovascular,Injection,Eugia US LLC,04/07/2020,FUROSEMIDE,"INTRAMUSCULAR, INTRAVENOUS"
1373,Triamcinolone Acetonide Injection,Resolved,Ophthalmology,Injection,"Harrow Eye, LLC",09/27/2021,TRIESENCE,OPHTHALMIC
1374,"Methylphenidate Hydrochloride Tablet, Extended Release",Current,Psychiatry,Tablet,"Teva Pharmaceuticals USA, Inc.",07/26/2023,METHYLPHENIDATE HYDROCHLORIDE,ORAL
1375,Dextrose Monohydrate 5% Injection,Current,"Endocrinology/Metabolism, Gastroenterology, Other, Pediatric",Injection,Baxter Healthcare,02/14/2022,DEXTROSE,INTRAVENOUS
1376,Caspofungin Acetate Injection,To Be Discontinued,Anti-Infective,Injection,"Fresenius Kabi USA, LLC",01/12/2026,CASPOFUNGIN ACETATE,INTRAVENOUS
1377,Desipramine Hydrochloride Tablet,To Be Discontinued,Psychiatry,Tablet,"Avet Pharmaceuticals, Inc.",08/12/2025,DESIPRAMINE HYDROCHLORIDE,ORAL
1378,Quinapril Hydrochloride Tablet,Current,Cardiovascular,Tablet,"Solco Healthcare US, LLC",01/19/2023,QUINAPRIL,ORAL
1379,Furosemide Injection,To Be Discontinued,Cardiovascular,Injection,Gland Pharma Limited,04/28/2026,FUROSEMIDE,"INTRAMUSCULAR, INTRAVENOUS"
1380,Albuterol Sulfate Solution,Current,"Pediatric, Pulmonary/Allergy",Solution,"Ritedose Pharmaceuticals, LLC",10/25/2022,"ALBUTEROL SULFATE INHALATION SOLUTION, 0.5%",RESPIRATORY (INHALATION)
1381,Methylprednisolone Acetate Injection,Current,Rheumatology,Injection,Pfizer Inc.,12/15/2021,DEPO-MEDROL,"INTRALESIONAL, INTRAMUSCULAR, INTRASYNOVIAL, SOFT TISSUE"
1382,Dopamine Hydrochloride Injection,Current,Cardiovascular,Injection,"Hospira, Inc., a Pfizer Company",11/06/2017,DOPAMINE HYDROCHLORIDE IN DEXTROSE,INTRAVENOUS
1384,Dexmedetomidine Hydrochloride Injection,Current,Anesthesia,Injection,"Mylan Institutional, a Viatris Company",04/10/2020,DEXMEDETOMIDINE,INTRAVENOUS
1385,Atropine Sulfate Injection,Current,"Anesthesia, Neurology, Pediatric",Injection,Accord Healthcare Inc.,01/01/2020,ATROPINE SULFATE,INTRAVENOUS
1386,Hydromorphone Hydrochloride Injection,Current,Analgesia/Addiction,Injection,"Fresenius Kabi USA, LLC",10/31/2017,HYDROMORPHONE HYDROCHLORIDE,"INTRAMUSCULAR, INTRAVENOUS, SUBCUTANEOUS"
1387,Bupivacaine Hydrochloride Injection,Current,Anesthesia,Injection,"Hospira, Inc., a Pfizer Company",02/20/2018,BUPIVACAINE HYDROCHLORIDE,"EPIDURAL, RETROBULBAR"
1388,Morphine Sulfate Injection,Current,Analgesia/Addiction,Injection,"Fresenius Kabi USA, LLC",10/31/2017,MORPHINE SULFATE,"INTRAMUSCULAR, INTRAVENOUS"
1389,"Epinephrine Bitartrate, Lidocaine Hydrochloride Injection",Current,"Anesthesia, Pediatric",Injection,"Hospira, Inc., a Pfizer Company",02/22/2012,LIDOCAINE HYDROCHLORIDE AND EPINEPHRINE,EPIDURAL
1390,Carboplatin Injection,Current,Oncology,Injection,"Teva Pharmaceuticals USA, Inc.",04/28/2023,CARBOPLATIN,INTRAVENOUS
1392,Ropivacaine Hydrochloride Injection,Current,Anesthesia,Injection,"Fresenius Kabi USA, LLC",03/23/2018,NAROPIN,EPIDURAL
1393,Lidocaine Hydrochloride Injection,Current,Anesthesia,Injection,"Huons Co., Ltd. (South Korea)",07/14/2018,LIDOCAINE HYDROCHLORIDE,INTRAVENOUS
1394,Amino Acid Injection,Current,Gastroenterology,Injection,Baxter Healthcare,12/08/2020,CLINISOL,INTRAVENOUS
1395,Quinapril/Hydrochlorothiazide Tablet,Current,Cardiovascular,Tablet,Aurobindo Pharma USA,01/19/2023,QUINAPRIL HYDROCHLORIDE/HYDROCHLOROTHIAZIDE,ORAL
1396,Ivabradine Solution,To Be Discontinued,Cardiovascular,Solution,Amgen Inc.,03/24/2026,CORLANOR,ORAL
1397,"Carbamazepine Capsule, Extended Release",To Be Discontinued,Neurology,"Capsule, Extended Release",Takeda Pharmaceuticals USA Inc.,12/19/2025,CARBATROL,ORAL
1398,Dextrose Monohydrate 10% Injection,Current,"Endocrinology/Metabolism, Gastroenterology, Other, Pediatric",Injection,B. Braun Medical Inc.,03/01/2022,DEXTROSE,INTRAVENOUS
1399,Rifampin Capsule,Current,Anti-Infective,Capsule,"Lupin Pharmaceuticals, Inc.",12/22/2021,RIFAMPIN,ORAL
1400,Ketorolac Tromethamine Injection,Current,Analgesia/Addiction,Injection,Baxter Healthcare,06/06/2018,KETOROLAC TROMETHAMINE,"INTRAMUSCULAR, INTRAVENOUS"
1401,"Calcium Chloride; Dextrose; Magnesium Chloride; Sodium Chloride; Sodium Lactate Intraperitoneal Injection, Solution",To Be Discontinued,Renal,Solution,Vantive US Healthcare LLC,08/03/2026,DIANEAL LOW CALCIUM WITH DEXTROSE,INTRAPERITONEAL
1402,Peritoneal Dialysis Solution,To Be Discontinued,Renal,Solution,Fresenius Medical Care North America,03/10/2026,DELFLEX,INTRAPERITONEAL
1403,Furosemide Injection,Current,Cardiovascular,Injection,"Fresenius Kabi USA, LLC",04/07/2020,FUROSEMIDE,"INTRAMUSCULAR, INTRAVENOUS"
1404,Amino Acid Injection,Current,Gastroenterology,Injection,Baxter Healthcare,12/08/2020,PREMASOL - SULFITE-FREE (AMINO ACID),INTRAVENOUS
1405,Dextrose Monohydrate 5% Injection,Current,"Endocrinology/Metabolism, Gastroenterology, Other, Pediatric",Injection,Otsuka ICU Medical LLC,02/14/2022,DEXTROSE,INTRAVENOUS
1406,Ropivacaine Hydrochloride Injection,Current,Anesthesia,Injection,InfoRLife SA,03/27/2018,ROPIVACAINE HYDROCHLORIDE,"EPIDURAL, INFILTRATION"
1407,Lidocaine Hydrochloride Injection,Current,"Anesthesia, Pediatric",Injection,Anthea Pharma,02/22/2012,LIDOCAINE HYDROCHLORIDE,"INFILTRATION, PERINEURAL"
1408,Carboplatin Injection,Current,Oncology,Injection,Gland Pharma Limited,04/28/2023,CARBOPLATIN,INTRAVENOUS
1410,Heparin Sodium Injection,Current,Hematology,Injection,"Fresenius Kabi USA, LLC",11/14/2017,HEPARIN SODIUM,INTRAVENOUS
1411,Bumetanide Injection,Current,Cardiovascular,Injection,MSN Laboratories Private Limited,12/13/2017,BUMETANIDE,"INTRAMUSCULAR, INTRAVENOUS"
1412,Diltiazem Hydrochloride Injection,To Be Discontinued,Cardiovascular,Injection,"Hospira, Inc., a Pfizer Company",01/05/2026,DILTIAZEM HYDROCHLORIDE,INTRAVENOUS
1413,Adalimumab-adaz Injection,To Be Discontinued,Rheumatology,Injection,Sandoz Inc.,01/13/2026,HYRIMOZ,SUBCUTANEOUS
1414,Lidocaine Hydrochloride Injection,Current,"Anesthesia, Pediatric",Injection,"Fresenius Kabi USA, LLC",02/22/2012,XYLOCAINE,"INFILTRATION, PERINEURAL"
1415,Carboplatin Injection,Current,Oncology,Injection,"Hospira, Inc., a Pfizer Company",04/28/2023,CARBOPLATIN,INTRAVENOUS
1417,Hydromorphone Hydrochloride Injection,Current,Analgesia/Addiction,Injection,"Fresenius Kabi USA, LLC",10/31/2017,HYDROMORPHONE HYDROCHLORIDE,"INTRAMUSCULAR, INTRAVENOUS, SUBCUTANEOUS"
1418,Clonazepam Tablet,Current,"Neurology, Pediatric, Psychiatry",Tablet,"Prinston Pharmaceutical, Inc.",03/10/2023,CLONAZEPAM,ORAL
1420,Bupivacaine Hydrochloride Injection,Current,Anesthesia,Injection,"Hospira, Inc., a Pfizer Company",02/20/2018,BUPIVACAINE HYDROCHLORIDE,"EPIDURAL, INTRACAUDAL, PERINEURAL"
1421,Methotrexate Sodium Injection,Current,"Rheumatology, Oncology",Injection,"Teva Pharmaceuticals USA, Inc.",03/13/2023,METHOTREXATE,"INTRA-ARTERIAL, INTRAMUSCULAR, INTRATHECAL, INTRAVENOUS"
1422,Clonazepam Tablet,Current,"Neurology, Pediatric, Psychiatry",Tablet,Rubicon Research Private Limited,03/10/2023,CLONAZEPAM,ORAL
1423,Sodium Bicarbonate Injection,To Be Discontinued,"Endocrinology/Metabolism, Gastroenterology, Pediatric",Injection,"Hospira, Inc., a Pfizer Company",11/07/2025,SODIUM BICARBONATE,INTRAVENOUS
1424,Lidocaine Hydrochloride Injection,Current,"Anesthesia, Pediatric",Injection,"Fresenius Kabi USA, LLC",02/22/2012,LIDOCAINE,"INFILTRATION, PERINEURAL"
1425,Clonazepam Tablet,Current,"Neurology, Pediatric, Psychiatry",Tablet,Accord Healthcare Inc.,03/10/2023,CLONAZEPAM,ORAL
1426,"Amphetamine Aspartate Monohydrate, Amphetamine Sulfate, Dextroamphetamine Saccharate, Dextroamphetamine Sulfate Tablet",Current,Psychiatry,Tablet,"Elite Laboratories, Inc.",08/15/2023,"DEXTROAMPHETAMINE SACCHARATE, AMPHETAMINE ASPARTATE, DEXTROAMPHETAMINE SULFATE AND AMPHETAMINE SULFATE",ORAL
1427,Ropivacaine Hydrochloride Injection,Current,Anesthesia,Injection,"Fresenius Kabi USA, LLC",03/23/2018,NAROPIN,EPIDURAL
1428,Lisdexamfetamine Dimesylate Capsule,Current,Psychiatry,Capsule,Rhodes Pharmaceuticals L.P.,07/14/2023,LISDEXAMFETAMINE DIMESYLATE,ORAL
1430,Remifentanil Hydrochloride Injection,Current,Analgesia/Addiction,Injection,"Fresenius Kabi USA, LLC",06/28/2022,REMIFENTANIL HYDROCHLORIDE,INTRAVENOUS
1431,Ketorolac Tromethamine Injection,Current,Analgesia/Addiction,Injection,Sagent Pharmaceuticals,03/26/2018,KETOROLAC TROMETHAMINE,"INTRAMUSCULAR, INTRAVENOUS"
1432,Clonazepam Tablet,Current,"Neurology, Pediatric, Psychiatry",Tablet,Accord Healthcare Inc.,03/10/2023,CLONAZEPAM,ORAL
1433,Etomidate Injection,Current,Anesthesia,Injection,"Hikma Pharmaceuticals USA, Inc.",10/05/2022,ETOMIDATE,INTRAVENOUS
1434,Sterile Water Injection,Current,Other,Injection,"Hospira, Inc., a Pfizer Company",11/23/2021,STERILE WATER,"INTRAMUSCULAR, INTRAVENOUS, SUBCUTANEOUS"
1435,Lisdexamfetamine Dimesylate Capsule,Current,Psychiatry,Capsule,Takeda Pharmaceuticals USA Inc.,07/14/2023,VYVANSE,ORAL
1436,Clindamycin Phosphate Injection,Current,Anti-Infective,Injection,Pfizer Inc.,03/21/2023,CLEOCIN PHOSPHATE,"INTRAMUSCULAR, INTRAVENOUS"
1437,Ropivacaine Hydrochloride Injection,Current,Anesthesia,Injection,InfoRLife SA,03/27/2018,ROPIVACAINE HYDROCHLORIDE,"EPIDURAL, INFILTRATION"
1438,Leflunomide Tablet,To Be Discontinued,Rheumatology,Tablet,Sanofi-Aventis U.S. LLC,06/08/2026,ARAVA,ORAL
1440,Furosemide Injection,Current,Cardiovascular,Injection,"Hospira, Inc., a Pfizer Company",04/07/2020,FUROSEMIDE,"INTRAMUSCULAR, INTRAVENOUS"
1441,Sulconazole Nitrate Solution,To Be Discontinued,Dermatology,Solution,Journey Medical Corporation,05/08/2026,EXELDERM,TOPICAL
1443,Clindamycin Phosphate Injection,Current,Anti-Infective,Injection,Sandoz Inc.,03/21/2023,CLINDAMYCIN IN 5 PERCENT DEXTROSE,INTRAVENOUS
1444,Ropivacaine Hydrochloride Injection,Current,Anesthesia,Injection,"Fresenius Kabi USA, LLC",03/23/2018,NAROPIN,"EPIDURAL, INFILTRATION"
1445,Lidocaine Hydrochloride Injection,Current,"Anesthesia, Pediatric",Injection,"Hospira, Inc., a Pfizer Company",02/22/2012,LIDOCAINE HYDROCHLORIDE,"EPIDURAL, INFILTRATION, INTRACAUDAL, PERINEURAL"
1446,Desonide Lotion,To Be Discontinued,Dermatology,Lotion,"Actavis Pharma, Inc.",09/18/2025,DESONIDE,TOPICAL
1447,Icatibant Acetate Injection,To Be Discontinued,Hematology,Injection,"Fresenius Kabi USA, LLC",05/07/2026,ICATIBANT,SUBCUTANEOUS
1448,Carboplatin Injection,Current,Oncology,Injection,"Hospira, Inc., a Pfizer Company",04/28/2023,CARBOPLATIN,INTRAVENOUS
1449,Moxifloxacin Injection,To Be Discontinued,Anti-Infective,Injection,"Fresenius Kabi USA, LLC",10/29/2025,MOXIFLOXACIN,INTRAVENOUS
1450,"Doxycycline Hyclate Tablet, Delayed Release",To Be Discontinued,Anti-Infective,Tablet,"Teva Pharmaceuticals USA, Inc.",07/30/2026,DOXYCYCLINE HYCLATE,ORAL
1451,Clindamycin Hydrochloride Capsule,To Be Discontinued,Anti-Infective,Capsule,Pfizer Inc.,02/25/2026,CLEOCIN HYDROCHLORIDE,ORAL
1452,Clindamycin Phosphate Injection,Current,Anti-Infective,Injection,Baxter Healthcare,03/21/2023,CLINDAMYCIN PHOSPHATE,INTRAVENOUS
1453,Activated Charcoal Oral Suspension,To Be Discontinued,Other,Oral Suspension,Padagis US LLC,05/15/2026,ACTIDOSE AQUA,ORAL
1454,Bupivacaine Hydrochloride Injection,Current,Anesthesia,Injection,Eugia US LLC,02/20/2018,BUPIVACAINE HYDROCHLORIDE,"EPIDURAL, INTRACAUDAL"
1456,Dexamethasone Sodium Phosphate Injection,Current,"Dermatology, Endocrinology/Metabolism, Gastroenterology, Hematology, Neurology, Oncology, Ophthalmology, Other, Pulmonary/Allergy, Rheumatology",Injection,"Somerset Therapeutics, LLC",02/08/2019,DEXAMETHASONE SODIUM PHOSPHATE,"INTRAMUSCULAR, INTRAVENOUS"
1457,Bupivacaine Hydrochloride Injection,Current,Anesthesia,Injection,"Fresenius Kabi USA, LLC",02/20/2018,SENSORCAINE MPF,"EPIDURAL, INFILTRATION, INTRACAUDAL, PERINEURAL"
1458,Clonazepam Tablet,Current,"Neurology, Pediatric, Psychiatry",Tablet,"Prinston Pharmaceutical, Inc.",03/10/2023,CLONAZEPAM,ORAL
1459,"Amphetamine Aspartate Monohydrate, Amphetamine Sulfate, Dextroamphetamine Saccharate, Dextroamphetamine Sulfate Tablet",Current,Psychiatry,Tablet,"Epic Pharma, LLC",10/12/2022,"DEXTROAMPHETAMINE SACCHARATE, AMPHETAMINE ASPARTATE, DEXTROAMPHETAMINE SULFATE AND AMPHETAMINE SULFATE",ORAL
1460,Bupivacaine Hydrochloride Injection,Current,Anesthesia,Injection,"Hospira, Inc., a Pfizer Company",02/20/2018,BUPIVACAINE HYDROCHLORIDE,"EPIDURAL, INFILTRATION, INTRACAUDAL, PERINEURAL"
1461,Methylprednisolone Acetate Injection,Current,Rheumatology,Injection,Pfizer Inc.,12/15/2021,DEPO-MEDROL,"INTRALESIONAL, INTRAMUSCULAR, INTRASYNOVIAL, SOFT TISSUE, INTRA-ARTICULAR"
1462,Dextrose Monohydrate 10% Injection,Current,"Endocrinology/Metabolism, Gastroenterology, Other, Pediatric",Injection,Otsuka ICU Medical LLC,03/01/2022,DEXTROSE,INTRAVENOUS
1463,Bupivacaine Hydrochloride Injection,Current,Anesthesia,Injection,Eugia US LLC,02/20/2018,BUPIVACAINE HYDROCHLORIDE,"INFILTRATION, PERINEURAL"
1464,"Bupivacaine Hydrochloride, Epinephrine Bitartrate Injection",Current,Anesthesia,Injection,"Fresenius Kabi USA, LLC",02/20/2018,SENSORCAINE MPF,"EPIDURAL, INFILTRATION, INTRACAUDAL, PERINEURAL"
1465,Hydromorphone Hydrochloride Injection,Current,Analgesia/Addiction,Injection,"Hospira, Inc., a Pfizer Company",10/31/2017,HYDROMORPHONE HYDROCHLORIDE,"INTRAMUSCULAR, INTRAVENOUS, SUBCUTANEOUS"
1466,"Calcium Chloride; Dextrose; Magnesium Chloride; Sodium Chloride; Sodium Lactate Intraperitoneal Injection, Solution",To Be Discontinued,Renal,Solution,Vantive US Healthcare LLC,08/03/2026,DIANEAL PD-2 WITH DEXTROSE,INTRAPERITONEAL
1467,Midazolam Hydrochloride Injection,Current,"Anesthesia, Neurology",Injection,"Fresenius Kabi USA, LLC",04/02/2020,MIDAZOLAM,"INTRAMUSCULAR, INTRAVENOUS"
1468,Dobutamine Hydrochloride Injection,Current,"Cardiovascular, Pediatric, Renal",Injection,"Hainan Poly Pharm. Co., Ltd.",11/06/2017,DOBUTAMINE,INTRAVENOUS
1469,"Calcium Chloride; Dextrose; Magnesium Chloride; Sodium Chloride; Sodium Lactate Intraperitoneal Injection, Solution",To Be Discontinued,Renal,Solution,Vantive US Healthcare LLC,08/03/2026,DIANEAL PD-2 WITH DEXTROSE,INTRAPERITONEAL
1470,Dexmedetomidine Hydrochloride Injection,Current,Anesthesia,Injection,"Mylan Institutional, a Viatris Company",04/10/2020,DEXMEDETOMIDINE HYDROCHLORIDE,INTRAVENOUS
1471,Lidocaine Hydrochloride Injection,Current,"Anesthesia, Pediatric",Injection,"Hospira, Inc., a Pfizer Company",02/22/2012,LIDOCAINE HYDROCHLORIDE,"EPIDURAL, INFILTRATION, INTRACAUDAL, PERINEURAL"
1472,Dexamethasone Sodium Phosphate Injection,Current,"Dermatology, Endocrinology/Metabolism, Gastroenterology, Hematology, Neurology, Oncology, Ophthalmology, Other, Pulmonary/Allergy, Rheumatology",Injection,"Mylan Institutional, a Viatris Company",02/08/2019,DEXAMETHASONE SODIUM PHOSPHATE,"INTRA-ARTICULAR, INTRALESIONAL, INTRAMUSCULAR, INTRAVENOUS, SOFT TISSUE"
1473,Pramlintide Acetate Injection,To Be Discontinued,Endocrinology/Metabolism,Injection,AstraZeneca AB,10/27/2025,SYMLINPEN,SUBCUTANEOUS
1474,"Fluticasone Propionate and Salmeterol Xinafoate Aerosol, Metered",To Be Discontinued,Pulmonary/Allergy,,GlaxoSmithKline,07/27/2026,ADVAIR HFA,RESPIRATORY (INHALATION)
1476,Clonazepam Tablet,Current,"Neurology, Pediatric, Psychiatry",Tablet,Rubicon Research Private Limited,03/10/2023,CLONAZEPAM,ORAL
1477,Ketorolac Tromethamine Injection,Current,Analgesia/Addiction,Injection,"Fresenius Kabi USA, LLC",03/23/2018,KETOROLAC TROMETHAMINE,INTRAMUSCULAR
1478,Clindamycin Phosphate Injection,Current,Anti-Infective,Injection,Pfizer Inc.,03/21/2023,CLEOCIN PHOSPHATE,"INTRAMUSCULAR, INTRAVENOUS"
1480,"Epinephrine Bitartrate, Lidocaine Hydrochloride Injection",Current,"Anesthesia, Pediatric",Injection,"Fresenius Kabi USA, LLC",10/14/2016,XYLOCAINE MPF,"EPIDURAL, INFILTRATION, INTRACAUDAL, PERINEURAL"
1481,Clindamycin Phosphate Injection,Current,Anti-Infective,Injection,Pfizer Inc.,03/21/2023,CLEOCIN PHOSPHATE,"INTRAMUSCULAR, INTRAVENOUS"
1482,"Calcium Chloride; Dextrose; Magnesium Chloride; Sodium Chloride; Sodium Lactate Intraperitoneal Injection, Solution",To Be Discontinued,Renal,Solution,Vantive US Healthcare LLC,08/03/2026,DIANEAL PD-2 WITH DEXTROSE,INTRAPERITONEAL
1483,Ketorolac Tromethamine Injection,Current,Analgesia/Addiction,Injection,Gland Pharma Limited,06/06/2018,KETOROLAC TROMETHAMINE,"INTRAMUSCULAR, INTRAVENOUS"
1484,Clindamycin Phosphate Injection,Current,Anti-Infective,Injection,Sandoz Inc.,03/21/2023,CLINDAMYCIN IN 5 PERCENT DEXTROSE,INTRAVENOUS
1485,Omeprazole Delayed Release Capsule,To Be Discontinued,Gastroenterology,,Sandoz Inc.,10/09/2025,OMEPRAZOLE,ORAL
1486,Everolimus Tablet,To Be Discontinued,Transplant,Tablet,"Teva Pharmaceuticals USA, Inc.",03/02/2026,EVEROLIMUS,ORAL
1487,Clonazepam Tablet,Current,"Neurology, Pediatric, Psychiatry",Tablet,Rubicon Research Private Limited,03/10/2023,CLONAZEPAM,ORAL
1488,Clonazepam Tablet,Current,"Neurology, Pediatric, Psychiatry",Tablet,Rubicon Research Private Limited,03/10/2023,CLONAZEPAM,ORAL
1489,Lasmiditan Succinate Tablet,To Be Discontinued,Neurology,Tablet,Eli Lilly and Co.,11/03/2025,REYVOW,ORAL
1490,Desipramine Hydrochloride Tablet,To Be Discontinued,Psychiatry,Tablet,"Avet Pharmaceuticals, Inc.",08/12/2025,DESIPRAMINE HYDROCHLORIDE,ORAL
1491,Pilocarpine Hydrochloride Ophthalmic Solution,To Be Discontinued,Ophthalmology,Ophthalmic Solution,AbbVie Inc.,03/24/2026,VUITY,OPHTHALMIC
1492,Fentanyl Citrate Injection,Current,"Analgesia/Addiction, Pediatric",Injection,"Hospira, Inc., a Pfizer Company",01/01/2012,FENTANYL CITRATE,"INTRAMUSCULAR, INTRAVENOUS"
1493,Dapsone Gel,To Be Discontinued,Dermatology,Gel,Amneal Pharmaceuticals,03/27/2026,DAPSONE,TOPICAL
1494,Dextrose Monohydrate 10% Injection,Current,"Endocrinology/Metabolism, Gastroenterology, Other, Pediatric",Injection,Baxter Healthcare,03/01/2022,DEXTROSE,INTRAVENOUS
1495,"Lisdexamfetamine Dimesylate Tablet, Chewable",Current,Psychiatry,"Tablet, Chewable",Takeda Pharmaceuticals USA Inc.,07/14/2023,VYVANSE,ORAL
1497,Ropivacaine Hydrochloride Injection,Current,Anesthesia,Injection,"Fresenius Kabi USA, LLC",03/23/2018,NAROPIN,"EPIDURAL, INFILTRATION, PERINEURAL"
1499,Dextrose Monohydrate 50% Injection,Current,"Endocrinology/Metabolism, Gastroenterology, Pediatric",Injection,"Hospira, Inc., a Pfizer Company",01/13/2022,DEXTROSE,INTRAVENOUS
1500,Dexamethasone Sodium Phosphate Injection,Current,"Dermatology, Endocrinology/Metabolism, Gastroenterology, Hematology, Neurology, Oncology, Ophthalmology, Other, Pulmonary/Allergy, Rheumatology",Injection,"Fresenius Kabi USA, LLC",02/08/2019,DEXAMETHASONE SODIUM PHOSPHATE,"INTRAMUSCULAR, INTRAVENOUS"
1501,Lidocaine Hydrochloride Injection,Current,Anesthesia,Injection,Eugia US LLC,02/20/2018,LIDOCAINE HYDROCHLORIDE,"EPIDURAL, INFILTRATION, INTRACAUDAL, PERINEURAL"
1502,Dexmedetomidine Hydrochloride Injection,Current,Anesthesia,Injection,Pfizer Inc.,04/10/2020,PRECEDEX,INTRAVENOUS
1504,Gadoterate Meglumine Injection,To Be Discontinued,Medical Imaging,Injection,"Jiangsu Hengrui Pharmaceuticals Co., Ltd.",05/21/2026,GADOTERATE MEGLUMINE,INTRAVENOUS
1505,Dexmedetomidine Hydrochloride Injection,Current,Anesthesia,Injection,"Azurity Pharmaceuticals, Inc",04/10/2020,DEXMEDETOMIDINE HYDROCHLORIDE,INTRAVENOUS
1506,Dexamethasone Sodium Phosphate Injection,Current,"Dermatology, Endocrinology/Metabolism, Gastroenterology, Hematology, Neurology, Oncology, Ophthalmology, Other, Pulmonary/Allergy, Rheumatology",Injection,"Fresenius Kabi USA, LLC",02/08/2019,DEXAMETHASONE SODIUM PHOSPHATE,"INTRAMUSCULAR, INTRAVENOUS"
1507,Lisdexamfetamine Dimesylate Capsule,Current,Psychiatry,Capsule,"Lannett Company, Inc.",07/14/2023,LISDEXAMFETAMINE DIMESYLATE,ORAL
1508,Dextrose Monohydrate 10% Injection,Current,"Endocrinology/Metabolism, Gastroenterology, Other, Pediatric",Injection,"Fresenius Kabi USA, LLC",03/01/2022,DEXTROSE,INTRAVENOUS
1509,Rifampin Capsule,Current,Anti-Infective,Capsule,"Epic Pharma, LLC",12/22/2021,RIFAMPIN,ORAL
1510,Ifosfamide Injection,Current,"Oncology, Pediatric",Injection,Baxter Healthcare,06/12/2026,IFOSFAMIDE,INTRAVENOUS
1511,Dexmedetomidine Hydrochloride Injection,Current,Anesthesia,Injection,"Jiangsu Hengrui Pharmaceuticals Co. (US Agent eVenus Pharmaceutical Laboratories, Inc.)",04/10/2020,DEXMEDETOMIDINE,INTRAVENOUS
1512,Celecoxib Capsule,To Be Discontinued,Analgesia/Addiction,Capsule,"Teva Pharmaceuticals USA, Inc.",08/15/2025,CELECOXIB,ORAL
1513,Lisdexamfetamine Dimesylate Capsule,Current,Psychiatry,Capsule,"Teva Pharmaceuticals USA, Inc.",07/14/2023,LISDEXAMFETAMINE DIMESYLATE,ORAL
1514,Dobutamine Hydrochloride Injection,Current,"Cardiovascular, Pediatric, Renal",Injection,Baxter Healthcare,11/06/2017,DOBUTAMINE HYDROCHLORIDE IN DEXTROSE,INTRAVENOUS
1515,Ritonavir Oral Powder,To Be Discontinued,Antiviral,Oral Powder,AbbVie Inc.,07/24/2026,NORVIR,ORAL
1516,"Amphetamine Aspartate Monohydrate, Amphetamine Sulfate, Dextroamphetamine Saccharate, Dextroamphetamine Sulfate Tablet",Current,Psychiatry,Tablet,Alvogen,10/12/2022,"DEXTROAMPHETAMINE SACCHARATE, AMPHETAMINE ASPARTATE, DEXTROAMPHETAMINE SULFATE, AMPHETAMINE SULFATE TABLETS,CII",ORAL
1517,Dexmedetomidine Hydrochloride Injection,Current,Anesthesia,Injection,Pfizer Inc.,04/10/2020,PRECEDEX,INTRAVENOUS
1518,Dextrose Monohydrate 5% Injection,Current,"Endocrinology/Metabolism, Gastroenterology, Other, Pediatric",Injection,"Fresenius Kabi USA, LLC",02/14/2022,DEXTROSE,INTRAVENOUS
1519,"Methylphenidate Hydrochloride Tablet, Extended Release",Current,Psychiatry,Tablet,"Teva Pharmaceuticals USA, Inc.",07/26/2023,METHYLPHENIDATE HYDROCHLORIDE,ORAL
1520,Furosemide Injection,Current,Cardiovascular,Injection,"Hospira, Inc., a Pfizer Company",04/07/2020,FUROSEMIDE,"INTRAMUSCULAR, INTRAVENOUS"
1521,Tiagabine Hydrochloride Tablet,To Be Discontinued,Neurology,Tablet,"Teva Pharmaceuticals USA, Inc.",04/15/2026,TIAGABINE HYDROCHLORIDE,ORAL
1522,Liraglutide Injection,Current,Endocrinology/Metabolism,Injection,"Novo Nordisk, Inc.",07/18/2023,VICTOZA,SUBCUTANEOUS
1523,Everolimus Tablet,To Be Discontinued,Transplant,Tablet,"Teva Pharmaceuticals USA, Inc.",03/02/2026,EVEROLIMUS,ORAL
1524,Dexmedetomidine Hydrochloride Injection,To Be Discontinued,Anesthesia,Injection,Accord Healthcare Inc.,04/21/2026,DEXMEDETOMIDINE,INTRAVENOUS
1525,Lopinavir and Ritonavir Tablet,To Be Discontinued,Antiviral,Tablet,AbbVie Inc.,07/24/2026,KALETRA,ORAL
1526,Etravirine Tablet,To Be Discontinued,Antiviral,Tablet,Janssen Research and Development,04/28/2026,INTELENCE,ORAL
1527,Azacitidine Injection,Current,Oncology,Injection,"Dr. Reddy's Laboratories, Inc.",12/18/2020,AZACITIDINE,"INTRAVENOUS, SUBCUTANEOUS"
1528,Lidocaine Hydrochloride Injection,Current,Anesthesia,Injection,"Hikma Pharmaceuticals USA, Inc.",06/13/2018,LIDOCAINE HYDROCHLORIDE,"EPIDURAL, INFILTRATION, INTRACAUDAL"
1529,"Amphetamine Aspartate Monohydrate, Amphetamine Sulfate, Dextroamphetamine Saccharate, Dextroamphetamine Sulfate Tablet",Current,Psychiatry,Tablet,Aurobindo Pharma USA,10/12/2022,"DEXTROAMPHETAMINE SACCHARATE, AMPHETAMINE ASPARTATE, DEXTROAMPHETAMINE SULFATE AND AMPHETAMINE SULFATE",ORAL
1530,Dexmedetomidine Hydrochloride Injection,Current,Anesthesia,Injection,"Azurity Pharmaceuticals, Inc",04/10/2020,DEXMEDETOMIDINE HYDROCHLORIDE,INTRAVENOUS
1531,Ampicillin Sodium Injection,To Be Discontinued,Anti-Infective,Injection,Sandoz Inc.,12/08/2025,AMPICILLIN,"INTRAMUSCULAR, INTRAVENOUS"
1532,"Amphetamine Aspartate Monohydrate, Amphetamine Sulfate, Dextroamphetamine Saccharate, Dextroamphetamine Sulfate Tablet",Current,Psychiatry,Tablet,"Lannett Company, Inc.",10/12/2022,"DEXTROAMPHETAMINE SACCHARATE, AMPHETAMINE ASPARTATE, DEXTROAMPHETAMINE SULFATE AND AMPHETAMINE SULFATE",ORAL
1533,Sodium Acetate Injection,Current,"Endocrinology/Metabolism, Gastroenterology, Pediatric, Total Parenteral Nutrition",Injection,"Somerset Therapeutics, LLC",02/03/2016,SODIUM ACETATE ANHYDROUS,INTRAVENOUS
1534,Lidocaine Hydrochloride Injection,Current,"Anesthesia, Pediatric",Injection,"Fresenius Kabi USA, LLC",02/22/2012,LIDOCAINE,"INFILTRATION, PERINEURAL"
1535,Dopamine Hydrochloride Injection,Current,Cardiovascular,Injection,"Hospira, Inc., a Pfizer Company",11/06/2017,DOPAMINE HYDROCHLORIDE,INTRAVENOUS
1536,Clindamycin Phosphate Injection,To Be Discontinued,Anti-Infective,Injection,Pfizer Inc.,06/01/2026,CLEOCIN PHOSPHATE,"INTRAMUSCULAR, INTRAVENOUS"
1537,"Methylphenidate Hydrochloride Tablet, Extended Release",Current,Psychiatry,Tablet,"Vertical Pharmaceuticals, LLC",07/26/2023,RELEXXII,ORAL
1538,Fentanyl Citrate Injection,Current,"Analgesia/Addiction, Pediatric",Injection,"Hospira, Inc., a Pfizer Company",01/01/2012,FENTANYL CITRATE,"INTRAMUSCULAR, INTRAVENOUS"
1540,Lidocaine Hydrochloride Injection,Current,Anesthesia,Injection,Eugia US LLC,02/20/2018,LIDOCAINE HYDROCHLORIDE,"EPIDURAL, INFILTRATION, INTRACAUDAL, PERINEURAL"
1541,Etomidate Injection,Current,Anesthesia,Injection,"Hikma Pharmaceuticals USA, Inc.",10/05/2022,ETOMIDATE,INTRAVENOUS
1542,Dextrose Monohydrate 70% Injection,Current,"Endocrinology/Metabolism, Gastroenterology, Other, Pediatric",Injection,B. Braun Medical Inc.,10/11/2024,DEXTROSE,INTRAVENOUS
1543,Penicillin G Benzathine Injection,Current,Anti-Infective,Injection,Pfizer Inc.,04/26/2023,BICILLIN L-A,INTRAMUSCULAR
1545,Carboplatin Injection,Current,Oncology,Injection,Teyro Labs,04/28/2023,CARBOPLATIN,INTRAVENOUS
1547,Hydromorphone Hydrochloride Injection,Current,Analgesia/Addiction,Injection,"Fresenius Kabi USA, LLC",10/31/2017,HYDROMORPHONE HYDROCHLORIDE,"INTRAMUSCULAR, INTRAVENOUS, SUBCUTANEOUS"
1548,Dextrose Monohydrate 5% Injection,Current,"Endocrinology/Metabolism, Gastroenterology, Other, Pediatric",Injection,"Fresenius Kabi USA, LLC",02/14/2022,DEXTROSE,INTRAVENOUS
1549,Methylprednisolone Acetate Injection,Current,Rheumatology,Injection,Pfizer Inc.,12/15/2021,DEPO-MEDROL,"INTRALESIONAL, INTRAMUSCULAR, INTRASYNOVIAL, SOFT TISSUE"
1550,Gadoterate Meglumine Injection,To Be Discontinued,Medical Imaging,Injection,"Jiangsu Hengrui Pharmaceuticals Co., Ltd.",06/30/2026,GADOTERATE MEGLUMINE,INTRAVENOUS
1552,Lisdexamfetamine Dimesylate Capsule,Current,Psychiatry,Capsule,"Mylan Pharmaceuticals Inc., a Viatris Company",07/14/2023,LISDEXAMFETAMINE DIMESYLATE,ORAL
1555,Midazolam Hydrochloride Injection,Current,"Anesthesia, Neurology",Injection,"Hospira, Inc., a Pfizer Company",04/02/2020,MIDAZOLAM,"INTRAMUSCULAR, INTRAVENOUS"
1556,"Amphetamine Aspartate Monohydrate, Amphetamine Sulfate, Dextroamphetamine Saccharate, Dextroamphetamine Sulfate Tablet",Current,Psychiatry,Tablet,"Epic Pharma, LLC",10/12/2022,"DEXTROAMPHETAMINE SACCHARATE, AMPHETAMINE ASPARTATE, DEXTROAMPHETAMINE SULFATE AND AMPHETAMINE SULFATE",ORAL
1557,Bupivacaine Hydrochloride Injection,Current,Anesthesia,Injection,"Somerset Therapeutics, LLC",02/20/2018,BUPIVACAINE HYDROCHLORIDE,"INFILTRATION, PERINEURAL"
1558,Lisdexamfetamine Dimesylate Capsule,Current,Psychiatry,Capsule,Alvogen,07/14/2023,LISDEXAMFETAMINE DIMESYLATE,ORAL
1559,Furosemide Injection,Current,Cardiovascular,Injection,Eugia US LLC,04/07/2020,FUROSEMIDE,"INTRAMUSCULAR, INTRAVENOUS"
1560,Cromolyn Sodium Concentrate,Current,Pulmonary/Allergy,Concentrate,Ailex Pharmaceuticals,11/03/2023,CROMOLYN SODIUM,ORAL
1561,Morphine Sulfate Injection,Current,Analgesia/Addiction,Injection,"Fresenius Kabi USA, LLC",10/31/2017,MORPHINE SULFATE,"INTRAMUSCULAR, INTRAVENOUS"
1562,Hydromorphone Hydrochloride Injection,Current,Analgesia/Addiction,Injection,"Teva Pharmaceuticals USA, Inc.",11/01/2017,HYDROMORPHONE HYDROCHLORIDE,"INTRAMUSCULAR, INTRAVENOUS, SUBCUTANEOUS"
1563,Amino Acid Injection,Current,Gastroenterology,Injection,B. Braun Medical Inc.,12/08/2020,PLENAMINE,INTRAVENOUS
1565,Furosemide Injection,To Be Discontinued,Cardiovascular,Injection,Gland Pharma Limited,04/28/2026,FUROSEMIDE,"INTRAMUSCULAR, INTRAVENOUS"
1566,Dobutamine Hydrochloride Injection,Current,"Cardiovascular, Pediatric, Renal",Injection,"Hospira, Inc., a Pfizer Company",11/06/2017,DOBUTAMINE,INTRAVENOUS
1567,Ropivacaine Hydrochloride Injection,Current,Anesthesia,Injection,"Somerset Therapeutics, LLC",03/23/2018,ROPIVACAINE HYDROCHLORIDE,"EPIDURAL, INFILTRATION, PERINEURAL"
1568,Lidocaine Hydrochloride Injection,Current,Anesthesia,Injection,Eugia US LLC,02/20/2018,LIDOCAINE HYDROCHLORIDE,"EPIDURAL, INFILTRATION, INTRACAUDAL, PERINEURAL"
1569,Amino Acid Injection,Current,Gastroenterology,Injection,Baxter Healthcare,12/08/2020,TRAVASOL,INTRAVENOUS
1571,Lidocaine Hydrochloride Injection,Current,"Anesthesia, Pediatric",Injection,"Fresenius Kabi USA, LLC",02/22/2012,XYLOCAINE,"INFILTRATION, PERINEURAL"
1572,Dexmedetomidine Hydrochloride Injection,Current,Anesthesia,Injection,Eugia US LLC,04/10/2020,DEXMEDETOMIDINE HYDROCHLORIDE,INTRAVENOUS
1573,Propranolol Hydrochloride Injection,Current,Cardiovascular,Injection,"Fresenius Kabi USA, LLC",10/31/2023,PROPRANOLOL,INTRAVENOUS
1574,Ketorolac Tromethamine Tablet,To Be Discontinued,Analgesia/Addiction,Tablet,"Mylan Pharmaceuticals Inc., a Viatris Company",04/20/2026,KETOROLAC TROMETHAMINE,ORAL
1575,Carboplatin Injection,Current,Oncology,Injection,"Avyxa Pharma, LLC",04/28/2023,KYXATA,INTRAVENOUS
1576,Metronidazole Injection,Current,Anti-Infective,Injection,InfoRLife SA,01/13/2022,METRONIDAZOLE,INTRAVENOUS
1577,Hydromorphone Hydrochloride Injection,Current,Analgesia/Addiction,Injection,"Fresenius Kabi USA, LLC",11/01/2017,DILAUDID,"INTRAMUSCULAR, INTRAVENOUS, SUBCUTANEOUS"
1578,Dextrose Monohydrate 5% Injection,Current,"Endocrinology/Metabolism, Gastroenterology, Other, Pediatric",Injection,Baxter Healthcare,02/14/2022,DEXTROSE,INTRAVENOUS
1580,Leflunomide Tablet,To Be Discontinued,Rheumatology,Tablet,Sanofi-Aventis U.S. LLC,06/08/2026,ARAVA,ORAL
1581,Clindamycin Phosphate Injection,Current,Anti-Infective,Injection,Baxter Healthcare,03/21/2023,CLINDAMYCIN PHOSPHATE,INTRAVENOUS
1582,Midazolam Hydrochloride Injection,Current,"Anesthesia, Neurology",Injection,"Hikma Pharmaceuticals USA, Inc.",04/02/2020,MIDAZOLAM,"INTRAMUSCULAR, INTRAVENOUS"
1583,Ketorolac Tromethamine Injection,Current,Analgesia/Addiction,Injection,"Hospira, Inc., a Pfizer Company",03/26/2018,KETOROLAC TROMETHAMINE,INTRAMUSCULAR
1585,Rocuronium Bromide Injection,Current,Anesthesia,Injection,"Fresenius Kabi USA, LLC",02/15/2023,ROCURONIUM,INTRAVENOUS
1586,Lidocaine Hydrochloride Injection,Current,Anesthesia,Injection,Eugia US LLC,06/13/2018,LIDOCAINE HYDROCHLORIDE,"INFILTRATION, PERINEURAL"
1587,Clonazepam Tablet,Current,"Neurology, Pediatric, Psychiatry",Tablet,Cheplapharm Arzneimittel GmbH,03/10/2023,KLONOPIN,ORAL
1588,Morphine Sulfate Injection,Current,Analgesia/Addiction,Injection,"Fresenius Kabi USA, LLC",10/31/2017,MORPHINE SULFATE,"INTRAMUSCULAR, INTRAVENOUS"
1589,Lidocaine Hydrochloride Injection,Current,"Anesthesia, Pediatric",Injection,Anthea Pharma,02/22/2012,LIDOCAINE HYDROCHLORIDE,"INFILTRATION, PERINEURAL"
1590,Dexmedetomidine Hydrochloride Injection,Current,Anesthesia,Injection,HQ Specialty Pharma,04/10/2020,DEXMEDETOMIDINE,INTRAVENOUS
1591,Bumetanide Injection,Current,Cardiovascular,Injection,Mullan Pharmaceutical Inc.,12/13/2017,BUMETANIDE,"INTRAMUSCULAR, INTRAVENOUS"
1592,Lisdexamfetamine Dimesylate Capsule,Current,Psychiatry,Capsule,Apotex Corp.,11/01/2023,LISDEXAMFETAMINE DIMESYLATE,ORAL
1593,Dextrose Monohydrate 5% Injection,Current,"Endocrinology/Metabolism, Gastroenterology, Other, Pediatric",Injection,Otsuka ICU Medical LLC,02/14/2022,DEXTROSE,INTRAVENOUS
1594,Atropine Sulfate Injection,Current,"Anesthesia, Neurology, Pediatric",Injection,"Somerset Therapeutics, LLC",01/01/2012,ATROPINE SULFATE,INTRAVENOUS
1595,Lisdexamfetamine Dimesylate Capsule,Current,Psychiatry,Capsule,Apotex Corp.,11/01/2023,LISDEXAMFETAMINE DIMESYLATE,ORAL
1596,Echothiophate Iodide Ophthalmic Solution,Current,Ophthalmology,Ophthalmic Solution,Fera Pharmaceuticals,09/24/2019,PHOSPHOLINE IODIDE,OPHTHALMIC
1597,Ropivacaine Hydrochloride Injection,Current,Anesthesia,Injection,"Fresenius Kabi USA, LLC",03/23/2018,NAROPIN,"EPIDURAL, INFILTRATION"
1598,Liraglutide Injection,Current,Endocrinology/Metabolism,Injection,"Novo Nordisk, Inc.",07/18/2023,LIRAGLUTIDE,SUBCUTANEOUS
1600,Oxaliplatin Injection,To Be Discontinued,Oncology,Injection,Sandoz Inc.,10/20/2025,OXALIPLATIN,INTRAVENOUS
1601,Lidocaine Hydrochloride Injection,Current,Anesthesia,Injection,Eugia US LLC,06/13/2018,LIDOCAINE HYDROCHLORIDE,"INFILTRATION, PERINEURAL"
1602,Dextrose Monohydrate 5% Injection,Current,"Endocrinology/Metabolism, Gastroenterology, Other, Pediatric",Injection,"Fresenius Kabi USA, LLC",02/14/2022,DEXTROSE,INTRAVENOUS
1603,Sodium Bicarbonate Injection,Current,"Endocrinology/Metabolism, Gastroenterology, Pediatric",Injection,"Exela Pharma Sciences, LLC",07/24/2017,SODIUM BICARBONATE,INTRAVENOUS
1604,Lisdexamfetamine Dimesylate Capsule,Current,Psychiatry,Capsule,SpecGx LLC,07/14/2023,LISDEXAMFETAMINE DIMESYLATE,ORAL
1605,Dexamethasone Sodium Phosphate Injection,Current,"Dermatology, Endocrinology/Metabolism, Gastroenterology, Hematology, Neurology, Oncology, Ophthalmology, Other, Pulmonary/Allergy, Rheumatology",Injection,"Hikma Pharmaceuticals USA, Inc.",02/08/2019,DEXAMETHASONE SODIUM PHOSPHATE,"INTRAMUSCULAR, INTRAVENOUS"
1606,Podofilox Topical Gel,To Be Discontinued,"Dermatology, Other",Topical Gel,AbbVie Inc.,01/28/2026,CONDYLOX,TOPICAL
1607,Lisdexamfetamine Dimesylate Capsule,Current,Psychiatry,Capsule,SpecGx LLC,07/14/2023,LISDEXAMFETAMINE DIMESYLATE,ORAL
1608,Dopamine Hydrochloride Injection,Current,Cardiovascular,Injection,Baxter Healthcare,11/06/2017,DOPAMINE HYDROCHLORIDE AND DEXTROSE,INTRAVENOUS
1610,"Amphetamine Aspartate Monohydrate, Amphetamine Sulfate, Dextroamphetamine Saccharate, Dextroamphetamine Sulfate Tablet",Current,Psychiatry,Tablet,"Teva Pharmaceuticals USA, Inc.",10/12/2022,ADDERALL,ORAL
1611,Dextrose Monohydrate 10% Injection,Current,"Endocrinology/Metabolism, Gastroenterology, Other, Pediatric",Injection,B. Braun Medical Inc.,03/01/2022,DEXTROSE,INTRAVENOUS
1613,"Amphetamine Aspartate Monohydrate, Amphetamine Sulfate, Dextroamphetamine Saccharate, Dextroamphetamine Sulfate Tablet",Current,Psychiatry,Tablet,"Teva Pharmaceuticals USA, Inc.",10/12/2022,ADDERALL,ORAL
1614,Emtricitabine Capsule,To Be Discontinued,Anti-Infective,Capsule,"Gilead Sciences, Inc.",06/17/2026,EMTRIVA,ORAL
1615,Calcitriol Capsule,To Be Discontinued,Endocrinology/Metabolism,Capsule,"Teva Pharmaceuticals USA, Inc.",12/04/2025,CALCITRIOL,ORAL
1616,Midazolam Hydrochloride Injection,Current,"Anesthesia, Neurology",Injection,"Hikma Pharmaceuticals USA, Inc.",04/02/2020,MIDAZOLAM,"INTRAMUSCULAR, INTRAVENOUS"
1617,Fentanyl Citrate Injection,Current,"Analgesia/Addiction, Pediatric",Injection,"Hikma Pharmaceuticals USA, Inc.",12/20/2023,FENTANYL CITRATE,INTRAVENOUS
1618,Sterile Water Injection,Current,Other,Injection,"Fresenius Kabi USA, LLC",11/23/2021,STERILE WATER,"INTRAMUSCULAR, INTRAVENOUS, SUBCUTANEOUS"
1619,"Methylphenidate Hydrochloride Tablet, Extended Release",Current,Psychiatry,Tablet,"Vertical Pharmaceuticals, LLC",07/26/2023,RELEXXII,ORAL
1620,Dextrose Monohydrate 5% Injection,Current,"Endocrinology/Metabolism, Gastroenterology, Other, Pediatric",Injection,Baxter Healthcare,02/14/2022,DEXTROSE,INTRAVENOUS
1621,Bupivacaine Hydrochloride Injection,Current,Anesthesia,Injection,"Fresenius Kabi USA, LLC",02/20/2018,SENSORCAINE MPF,"EPIDURAL, INFILTRATION, INTRACAUDAL, PERINEURAL"
1622,Lisdexamfetamine Dimesylate Capsule,Current,Psychiatry,Capsule,"Teva Pharmaceuticals USA, Inc.",07/14/2023,LISDEXAMFETAMINE DIMESYLATE,ORAL
1624,Ropivacaine Hydrochloride Injection,Current,Anesthesia,Injection,Eugia US LLC,03/23/2018,ROPIVACAINE HYDROCHLORIDE,"EPIDURAL, INFILTRATION, PERINEURAL"
1625,Lisdexamfetamine Dimesylate Capsule,Current,Psychiatry,Capsule,"Teva Pharmaceuticals USA, Inc.",07/14/2023,LISDEXAMFETAMINE DIMESYLATE,ORAL
1626,"Epinephrine Bitartrate, Lidocaine Hydrochloride Injection",Current,"Anesthesia, Pediatric",Injection,"Fresenius Kabi USA, LLC",10/14/2016,XYLOCAINE MPF,"EPIDURAL, INFILTRATION, INTRACAUDAL, PERINEURAL"
1627,Bupivacaine Hydrochloride Injection,Current,Anesthesia,Injection,Eugia US LLC,02/20/2018,BUPIVACAINE HYDROCHLORIDE,"EPIDURAL, RETROBULBAR"
1628,Methotrexate Sodium Injection,Current,"Rheumatology, Oncology",Injection,"Fresenius Kabi USA, LLC",03/13/2023,METHOTREXATE,"INTRA-ARTERIAL, INTRAMUSCULAR, INTRATHECAL, INTRAVENOUS"
1629,"Epinephrine Bitartrate, Lidocaine Hydrochloride Injection",Current,"Anesthesia, Pediatric",Injection,"Fresenius Kabi USA, LLC",10/14/2016,XYLOCAINE,"INFILTRATION, PERINEURAL"
1630,Ropivacaine Hydrochloride Injection,Current,Anesthesia,Injection,"Somerset Therapeutics, LLC",03/23/2018,ROPIVACAINE HYDROCHLORIDE,"EPIDURAL, INFILTRATION, PERINEURAL"
1631,Lorazepam Injection,Current,Neurology,Injection,"Hospira, Inc., a Pfizer Company",05/03/2018,LORAZEPAM,"INTRAMUSCULAR, INTRAVENOUS"
1633,"Bupivacaine Hydrochloride, Epinephrine Bitartrate Injection",Current,Anesthesia,Injection,"Hospira, Inc., a Pfizer Company",02/20/2018,MARCAINE WITH EPINEPHRINE,"EPIDURAL, INTRACAUDAL, PERINEURAL"
1634,"Methylphenidate Hydrochloride Tablet, Extended Release",Current,Psychiatry,Tablet,"Vertical Pharmaceuticals, LLC",07/26/2023,RELEXXII,ORAL
1636,Sodium Acetate Injection,Current,"Endocrinology/Metabolism, Gastroenterology, Pediatric, Total Parenteral Nutrition",Injection,"Hospira, Inc., a Pfizer Company",02/03/2016,SODIUM ACETATE,INTRAVENOUS
1637,Methotrexate Sodium Injection,Current,"Rheumatology, Oncology",Injection,"Fresenius Kabi USA, LLC",03/13/2023,METHOTREXATE,"INTRA-ARTERIAL, INTRAMUSCULAR, INTRAVENOUS"
630,Ceftazidime Injection,To Be Discontinued,Anti-Infective,Injection,"Hospira, Inc., a Pfizer Company",11/14/2025,,
1288,Daptomycin Injection,To Be Discontinued,Anti-Infective,Injection,"Jiangsu Hengrui Pharmaceuticals Co. (US Agent eVenus Pharmaceutical Laboratories, Inc.)",06/30/2026,,
801,Carboplatin Injection,To Be Discontinued,Oncology,Injection,Ingenus Pharmaceuticals LLC,02/20/2026,,
921,Frovatriptan Succinate Tablet,To Be Discontinued,Neurology,Tablet,"Endo Pharmaceuticals, Inc.",02/24/2026,,
847,Nebivolol Hydrochloride Tablet,To Be Discontinued,Cardiovascular,Tablet,Torrent Pharmaceuticals Limited,03/25/2026,,
1314,Sufentanil Citrate Injection,Current,"Analgesia/Addiction, Pediatric",Injection,"Hikma Pharmaceuticals USA, Inc.",05/03/2022,,
25,Acetaminophen; Oxycodone Hydrochloride Tablet,To Be Discontinued,Analgesia/Addiction,Tablet,"Endo Pharmaceuticals, Inc.",11/03/2025,,
136,Nebivolol Hydrochloride Tablet,To Be Discontinued,Cardiovascular,Tablet,Torrent Pharmaceuticals Limited,03/25/2026,,
1108,Quinapril/Hydrochlorothiazide Tablet,Current,Cardiovascular,Tablet,Pfizer Inc.,01/19/2023,,
706,Flurazepam Hydrochloride Capsule,Current,"Neurology, Other",Capsule,"Rising Pharma Holdings, Inc.",08/03/2022,,
1295,Desmopressin Acetate Spray,Current,Hematology,Spray,Ferring,03/12/2021,,
142,Nebivolol Hydrochloride Tablet,To Be Discontinued,Cardiovascular,Tablet,Torrent Pharmaceuticals Limited,03/25/2026,,
33,Mirikizumab-mrkz Injection,To Be Discontinued,"Gastroenterology, Other",Injection,Eli Lilly and Co.,12/22/2025,,
816,Nebivolol Hydrochloride Tablet,To Be Discontinued,Cardiovascular,Tablet,Torrent Pharmaceuticals Limited,03/25/2026,,
900,Triazolam Tablet,To Be Discontinued,Psychiatry,Tablet,Pfizer Inc.,09/29/2025,,
1079,Bupivacaine Hydrochloride Injection,Current,Anesthesia,Injection,Kindos Pharmaceuticals Co. Ltd.,02/20/2018,,
914,Bupivacaine Hydrochloride Injection,To Be Discontinued,Anesthesia,Injection,Kindos Pharmaceuticals Co. Ltd.,05/05/2026,,
995,Atropine Sulfate Injection,Current,"Anesthesia, Neurology, Pediatric",Injection,Accord Healthcare Inc.,01/01/2012,,
1416,Quinapril Hydrochloride Tablet,To Be Discontinued,Cardiovascular,Tablet,Pfizer Inc.,10/01/2025,,
1275,"Methylphenidate Hydrochloride Tablet, Extended Release",Current,Psychiatry,Tablet,"Sun Pharmaceutical Industries, Inc.",07/26/2023,,
1081,"Amphetamine Aspartate Monohydrate, Amphetamine Sulfate, Dextroamphetamine Saccharate, Dextroamphetamine Sulfate Tablet",Current,Psychiatry,Tablet,"Lannett Company, Inc.",10/12/2022,,
1153,"Lamotrigine Tablet, Extended Release",To Be Discontinued,Neurology,Tablet,"Par Health, Inc.",04/29/2026,,
624,Vancomycin Hydrochloride Injection,To Be Discontinued,Anti-Infective,Injection,"Hospira, Inc., a Pfizer Company",09/09/2025,,
1264,Bupivacaine Hydrochloride Injection,To Be Discontinued,Anesthesia,Injection,Kindos Pharmaceuticals Co. Ltd.,05/05/2026,,
727,Nebivolol Hydrochloride Tablet,To Be Discontinued,Cardiovascular,Tablet,Torrent Pharmaceuticals Limited,03/25/2026,,
813,Methotrexate Injection,To Be Discontinued,Rheumatology,Injection,"Assertio Specialty Pharmaceuticals, LLC",08/29/2025,,
1632,"Amphetamine Aspartate Monohydrate, Amphetamine Sulfate, Dextroamphetamine Saccharate, Dextroamphetamine Sulfate Tablet",Current,Psychiatry,Tablet,Oryza Pharmaceuticals Inc.,10/12/2022,,
1285,Bupivacaine Hydrochloride Injection,To Be Discontinued,Anesthesia,Injection,Kindos Pharmaceuticals Co. Ltd.,05/05/2026,,
333,Sterile Water Irrigant,Current,"Gastroenterology, Other, Pediatric",Irrigant,Otsuka ICU Medical LLC,04/28/2023,,
1429,Carboplatin Injection,To Be Discontinued,Oncology,Injection,Ingenus Pharmaceuticals LLC,02/20/2026,,
712,Frovatriptan Succinate Tablet,To Be Discontinued,Neurology,Tablet,"Endo Pharmaceuticals, Inc.",11/12/2025,,
723,Morphine Sulfate Injection,Current,Analgesia/Addiction,Injection,"Hospira, Inc., a Pfizer Company",10/31/2017,,
1551,Bupivacaine Hydrochloride Injection,Current,Anesthesia,Injection,Kindos Pharmaceuticals Co. Ltd.,02/20/2018,,
1296,Nebivolol Hydrochloride Tablet,To Be Discontinued,Cardiovascular,Tablet,Torrent Pharmaceuticals Limited,03/25/2026,,
165,Dexmedetomidine Hydrochloride Injection,To Be Discontinued,Anesthesia,Injection,Slayback Pharma,06/05/2026,,
1553,"Amphetamine Aspartate Monohydrate, Amphetamine Sulfate, Dextroamphetamine Saccharate, Dextroamphetamine Sulfate Tablet",Current,Psychiatry,Tablet,"Lannett Company, Inc.",10/12/2022,,
1242,Quinapril/Hydrochlorothiazide Tablet,Current,Cardiovascular,Tablet,Pfizer Inc.,01/19/2023,,
694,Sufentanil Citrate Injection,Current,"Analgesia/Addiction, Pediatric",Injection,"Hikma Pharmaceuticals USA, Inc.",05/03/2022,,
319,Anagrelide Hydrochloride Capsule,To Be Discontinued,Hematology,Capsule,"Teva Pharmaceuticals USA, Inc.",11/19/2025,,
653,Lidocaine Hydrochloride Injection,To Be Discontinued,"Analgesia/Addiction, Pediatric",Injection,"Hospira, Inc., a Pfizer Company",11/07/2025,,
1475,Desmopressin Acetate Spray,Current,Hematology,Spray,Ferring,03/12/2021,,
366,Cromolyn Sodium Concentrate,Current,Pulmonary/Allergy,Concentrate,Ailex Pharmaceuticals,11/03/2023,,
1022,"Doxylamine Succinate and Pyridoxine  Hydrochloride Tablet, Delayed Release",To Be Discontinued,Other,Tablet,"Mylan Pharmaceuticals Inc., a Viatris Company",01/12/2026,,
278,Dexmedetomidine Hydrochloride Injection,Current,Anesthesia,Injection,Accord Healthcare Inc.,04/10/2020,,
443,Meperidine Hydrochloride Injection,Current,Analgesia/Addiction,Injection,"Hospira, Inc., a Pfizer Company",05/30/2025,,
692,Nilutamide Tablet,To Be Discontinued,Oncology,Tablet,Advanz Pharma (US) Corp.,12/01/2025,,
266,"Amphetamine Aspartate Monohydrate, Amphetamine Sulfate, Dextroamphetamine Saccharate, Dextroamphetamine Sulfate Tablet",Current,Psychiatry,Tablet,Oryza Pharmaceuticals Inc.,10/12/2022,,
1270,Sodium Bicarbonate Injection,To Be Discontinued,"Endocrinology/Metabolism, Gastroenterology, Pediatric",Injection,"Hospira, Inc., a Pfizer Company",11/07/2025,,
1564,Methotrexate Injection,To Be Discontinued,Rheumatology,Injection,"Assertio Specialty Pharmaceuticals, LLC",08/29/2025,,
1342,Bupivacaine Hydrochloride Injection,Current,Anesthesia,Injection,Kindos Pharmaceuticals Co. Ltd.,02/20/2018,,
99,Bupivacaine Hydrochloride Injection,Current,Anesthesia,Injection,"Hospira, Inc., a Pfizer Company",02/20/2018,,
162,Decitabine Injection,To Be Discontinued,Oncology,Injection,Ingenus Pharmaceuticals LLC,02/20/2026,,
122,Leflunomide Tablet,To Be Discontinued,Rheumatology,Tablet,Sanofi-Aventis U.S. LLC,06/08/2026,,
531,Prazosin Hydrochloride Capsule,To Be Discontinued,Cardiovascular,Capsule,Pfizer Inc.,04/28/2023,,
560,Dobutamine Hydrochloride Injection,Current,"Cardiovascular, Pediatric, Renal",Injection,"Hospira, Inc., a Pfizer Company",11/06/2017,,
1190,Phenoxybenzamine Hydrochloride Capsule,To Be Discontinued,Cardiovascular,Capsule,Advanz Pharma (US) Corp.,12/01/2025,,
831,Hydrochlorothiazide; Quinapril Hydrochloride Tablet,To Be Discontinued,Cardiovascular,Tablet,Pfizer Inc.,10/01/2025,,
446,Phenoxybenzamine Hydrochloride Capsule,To Be Discontinued,Cardiovascular,Capsule,Advanz Pharma (US) Corp.,12/01/2025,,
710,Methotrexate Injection,To Be Discontinued,Rheumatology,Injection,"Assertio Specialty Pharmaceuticals, LLC",08/29/2025,,
605,Everolimus Tablet,To Be Discontinued,Transplant,Tablet,"Endo Pharmaceuticals, Inc.",01/06/2026,,
1623,Docetaxel Injection,To Be Discontinued,Oncology,Injection,Ingenus Pharmaceuticals LLC,02/20/2026,,
506,Daptomycin Injection,To Be Discontinued,Anti-Infective,Injection,"Jiangsu Hengrui Pharmaceuticals Co. (US Agent eVenus Pharmaceutical Laboratories, Inc.)",06/30/2026,,
724,Sodium Bicarbonate Injection,Current,"Endocrinology/Metabolism, Gastroenterology, Pediatric",Injection,"Hospira, Inc., a Pfizer Company",03/01/2017,,
1032,Doxycycline Hyclate Tablet,To Be Discontinued,Anti-Infective,Tablet,"Mylan Pharmaceuticals Inc., a Viatris Company",01/12/2026,,
1635,Everolimus Tablet,To Be Discontinued,Transplant,Tablet,"Endo Pharmaceuticals, Inc.",01/06/2026,,
1323,Dextrose Monohydrate 50% Injection,Current,"Endocrinology/Metabolism, Gastroenterology, Pediatric",Injection,"Hospira, Inc., a Pfizer Company",01/13/2022,,
334,Lopinavir and Ritonavir Tablet,To Be Discontinued,Antiviral,Tablet,AbbVie Inc.,07/24/2026,,
591,Sterile Water Irrigant,Current,"Gastroenterology, Other, Pediatric",Irrigant,Otsuka ICU Medical LLC,04/28/2023,,
273,Nebivolol Hydrochloride Tablet,To Be Discontinued,Cardiovascular,Tablet,Torrent Pharmaceuticals Limited,03/25/2026,,
134,Ketamine Hydrochloride Injection,To Be Discontinued,Anesthesia,Injection,Pfizer Inc.,11/07/2025,,
1309,Dobutamine Hydrochloride Injection,Current,"Cardiovascular, Pediatric, Renal",Injection,"Hospira, Inc., a Pfizer Company",11/06/2017,,
1579,Quinapril/Hydrochlorothiazide Tablet,Current,Cardiovascular,Tablet,Pfizer Inc.,01/19/2023,,
208,Vancomycin Hydrochloride Injection,To Be Discontinued,Anti-Infective,Injection,"Hospira, Inc., a Pfizer Company",11/14/2025,,
1205,Icosapent Ethyl Capsule,To Be Discontinued,Cardiovascular,Capsule,Apotex Corp.,04/01/2026,,
36,Anagrelide Hydrochloride Capsule,To Be Discontinued,Hematology,Capsule,"Teva Pharmaceuticals USA, Inc.",11/19/2025,,
1268,Methotrexate Injection,To Be Discontinued,Rheumatology,Injection,"Assertio Specialty Pharmaceuticals, LLC",08/29/2025,,
1544,Icosapent Ethyl Capsule,To Be Discontinued,Cardiovascular,Capsule,Apotex Corp.,04/01/2026,,
92,Dopamine Hydrochloride Injection,Current,Cardiovascular,Injection,"Hospira, Inc., a Pfizer Company",11/06/2017,,
23,Quinapril Hydrochloride Tablet,Current,Cardiovascular,Tablet,Pfizer Inc.,01/19/2023,,
960,Atropine Sulfate Injection,To Be Discontinued,"Anesthesia, Neurology, Pediatric",Injection,"Hospira, Inc., a Pfizer Company",11/07/2025,,
1196,Everolimus Tablet,To Be Discontinued,Transplant,Tablet,"Endo Pharmaceuticals, Inc.",01/06/2026,,
619,Atropine Sulfate Injection,Current,"Anesthesia, Neurology, Pediatric",Injection,"Hospira, Inc., a Pfizer Company",01/01/2012,,
206,Nebivolol Hydrochloride Tablet,To Be Discontinued,Cardiovascular,Tablet,Torrent Pharmaceuticals Limited,03/25/2026,,
1149,Doxercalciferol Injection,To Be Discontinued,Endocrinology/Metabolism,Injection,Sanofi-Aventis U.S. LLC,12/10/2025,,
1179,Lopinavir and Ritonavir Tablet,To Be Discontinued,Antiviral,Tablet,AbbVie Inc.,07/24/2026,,
43,Everolimus Tablet,To Be Discontinued,Transplant,Tablet,"Endo Pharmaceuticals, Inc.",01/06/2026,,
166,Prazosin Hydrochloride Capsule,To Be Discontinued,Cardiovascular,Capsule,Pfizer Inc.,04/28/2023,,
472,Desipramine Hydrochloride Tablet,To Be Discontinued,Psychiatry,Tablet,"Avet Pharmaceuticals, Inc.",08/12/2025,,
147,Dexmedetomidine Hydrochloride Injection,Current,Anesthesia,Injection,"Fresenius Kabi USA, LLC",04/10/2020,,
634,Morphine Sulfate Injection,Current,Analgesia/Addiction,Injection,"Hospira, Inc., a Pfizer Company",10/31/2017,,
1036,Fentanyl Citrate Injection,Current,"Analgesia/Addiction, Pediatric",Injection,"Hikma Pharmaceuticals USA, Inc.",12/20/2023,,
1609,Sodium Bicarbonate Injection,To Be Discontinued,"Endocrinology/Metabolism, Gastroenterology, Pediatric",Injection,"Hospira, Inc., a Pfizer Company",11/07/2025,,
1455,Methylprednisolone Acetate Injection,Current,Rheumatology,Injection,"Par Health, USA LLC",06/16/2022,,
448,Calcium Chloride Injection,To Be Discontinued,"Cardiovascular, Endocrinology/Metabolism",Injection,"Hospira, Inc., a Pfizer Company",11/07/2025,,
907,Bupivacaine Hydrochloride Injection,Current,Anesthesia,Injection,"Hospira, Inc., a Pfizer Company",02/20/2018,,
306,Quinapril Hydrochloride Tablet,Current,Cardiovascular,Tablet,Pfizer Inc.,01/19/2023,,
1503,Atropine Sulfate Injection,Current,"Anesthesia, Neurology, Pediatric",Injection,Accord Healthcare Inc.,01/01/2012,,
783,Sufentanil Citrate Injection,Current,"Analgesia/Addiction, Pediatric",Injection,"Hikma Pharmaceuticals USA, Inc.",05/03/2022,,
773,Vecuronium Bromide Injection,To Be Discontinued,Anesthesia,Injection,Sun Pharmaceutical Industries Limited,09/08/2025,,
1570,Nebivolol Hydrochloride Tablet,To Be Discontinued,Cardiovascular,Tablet,Torrent Pharmaceuticals Limited,03/25/2026,,
772,Nebivolol Hydrochloride Tablet,To Be Discontinued,Cardiovascular,Tablet,Torrent Pharmaceuticals Limited,03/25/2026,,
740,Celecoxib Capsule,To Be Discontinued,Analgesia/Addiction,Capsule,"Teva Pharmaceuticals USA, Inc.",08/15/2025,,
263,Nebivolol Hydrochloride Tablet,To Be Discontinued,Cardiovascular,Tablet,Torrent Pharmaceuticals Limited,03/25/2026,,
1439,Bupivacaine Hydrochloride Injection,Current,Anesthesia,Injection,"Hospira, Inc., a Pfizer Company",02/20/2018,,
1143,Busulfan Injection,To Be Discontinued,Hematology,Injection,"Mylan Institutional, a Viatris Company",10/24/2025,,
1539,Sterile Water Irrigant,Current,"Gastroenterology, Other, Pediatric",Irrigant,Otsuka ICU Medical LLC,04/28/2023,,
549,Palivizumab Injection,To Be Discontinued,Antiviral,Injection,Swedish Orphan Biovitrum AB,08/13/2025,,
1419,Hydrochlorothiazide; Quinapril Hydrochloride Tablet,To Be Discontinued,Cardiovascular,Tablet,Pfizer Inc.,10/01/2025,,
168,Dexmedetomidine Hydrochloride Injection,To Be Discontinued,Anesthesia,Injection,Slayback Pharma,06/05/2026,,
1383,Sodium Oxybate Solution,To Be Discontinued,Psychiatry,Solution,Amneal Pharmaceuticals,12/29/2025,,
1546,"Methylphenidate Hydrochloride Tablet, Extended Release",Current,Psychiatry,Tablet,"Sun Pharmaceutical Industries, Inc.",07/26/2023,,
1496,Doxercalciferol Injection,To Be Discontinued,Endocrinology/Metabolism,Injection,Sanofi-Aventis U.S. LLC,12/10/2025,,
765,Desmopressin Acetate Spray,Current,Hematology,Spray,Ferring,03/12/2021,,
942,Nebivolol Hydrochloride Tablet,To Be Discontinued,Cardiovascular,Tablet,Torrent Pharmaceuticals Limited,03/25/2026,,
838,Lidocaine Hydrochloride Injection,To Be Discontinued,"Anesthesia, Pediatric",Injection,"Hospira, Inc., a Pfizer Company",11/07/2025,,
554,Everolimus Tablet,To Be Discontinued,Transplant,Tablet,"Mylan Pharmaceuticals Inc., a Viatris Company",11/03/2025,,
191,"Lamotrigine Tablet, Extended Release",To Be Discontinued,Neurology,Tablet,"Par Health, Inc.",04/29/2026,,
1019,Obeticholic Acid Tablet,To Be Discontinued,Gastroenterology,Tablet,Intercept Pharmaceuticals,09/19/2025,,
66,Quinapril Hydrochloride Tablet,To Be Discontinued,Cardiovascular,Tablet,Pfizer Inc.,10/01/2025,,
779,Dextrose Monohydrate 50% Injection,To Be Discontinued,"Endocrinology/Metabolism, Gastroenterology, Pediatric",Injection,"Hospira, Inc., a Pfizer Company",11/07/2025,,
57,Quinapril Hydrochloride Tablet,To Be Discontinued,Cardiovascular,Tablet,Pfizer Inc.,10/01/2025,,
31,Fentanyl Citrate Injection,Current,"Analgesia/Addiction, Pediatric",Injection,"Hikma Pharmaceuticals USA, Inc.",12/20/2023,,
1584,Deferiprone Tablet,To Be Discontinued,Hematology,Tablet,"Chiesi USA, Inc.",11/07/2025,,
949,Nebivolol Hydrochloride Tablet,To Be Discontinued,Cardiovascular,Tablet,Torrent Pharmaceuticals Limited,03/25/2026,,
684,Dexmedetomidine Hydrochloride Injection,Current,Anesthesia,Injection,"Fresenius Kabi USA, LLC",04/10/2020,,
424,Sodium Bicarbonate Injection,To Be Discontinued,"Endocrinology/Metabolism, Gastroenterology, Pediatric",Injection,"Hospira, Inc., a Pfizer Company",11/07/2025,,
1479,Nebivolol Hydrochloride Tablet,To Be Discontinued,Cardiovascular,Tablet,Torrent Pharmaceuticals Limited,03/25/2026,,
1554,"Amphetamine Aspartate Monohydrate, Amphetamine Sulfate, Dextroamphetamine Saccharate, Dextroamphetamine Sulfate Tablet",Current,Psychiatry,Tablet,Oryza Pharmaceuticals Inc.,10/12/2022,,
1498,"Lamotrigine Tablet, Extended Release",To Be Discontinued,Neurology,Tablet,"Par Health, Inc.",04/29/2026,,
2,Cetrorelix Acetate Injection,To Be Discontinued,Reproductive,Injection,"Teva Pharmaceuticals USA, Inc.",11/13/2025,,
234,Heparin Sodium Injection,Current,Hematology,Injection,"Hospira, Inc., a Pfizer Company",11/14/2017,,
843,Dexmedetomidine Hydrochloride Injection,Current,Anesthesia,Injection,"Fresenius Kabi USA, LLC",04/10/2020,,
1194,Bacitracin Ophthalmic Ointment,Current,"Anti-Infective, Ophthalmology",Ophthalmic Ointment,Padagis US LLC,03/03/2025,,
361,Sodium Bicarbonate Injection,Current,"Endocrinology/Metabolism, Gastroenterology, Pediatric",Injection,"Hospira, Inc., a Pfizer Company",03/01/2017,,
261,Lidocaine Hydrochloride Injection,Current,"Anesthesia, Pediatric",Injection,"Hospira, Inc., a Pfizer Company",02/22/2012,,
984,Oxaliplatin Injection,To Be Discontinued,Oncology,Injection,"Fresenius Kabi USA, LLC",02/25/2026,,
965,Lidocaine Hydrochloride Injection,Current,"Anesthesia, Pediatric",Injection,"Hospira, Inc., a Pfizer Company",02/22/2012,,
1358,Everolimus Tablet,To Be Discontinued,Transplant,Tablet,"Mylan Pharmaceuticals Inc., a Viatris Company",11/03/2025,,
507,Nebivolol Hydrochloride Tablet,To Be Discontinued,Cardiovascular,Tablet,Torrent Pharmaceuticals Limited,03/25/2026,,
13,Lincomycin Hydrochloride Injection,To Be Discontinued,Anti-Infective,Injection,"XGen Pharmaceuticals DJB, Inc.",03/26/2026,,
1599,Dexamethasone Sodium Phosphate Injection,Current,"Dermatology, Endocrinology/Metabolism, Gastroenterology, Hematology, Neurology, Oncology, Ophthalmology, Other, Pulmonary/Allergy, Rheumatology",Injection,"Fresenius Kabi USA, LLC",02/08/2019,,
1357,Atropine Sulfate Injection,To Be Discontinued,"Anesthesia, Neurology, Pediatric",Injection,"Hospira, Inc., a Pfizer Company",11/07/2025,,
576,Prazosin Hydrochloride Capsule,To Be Discontinued,Cardiovascular,Capsule,Pfizer Inc.,04/28/2023,,
759,Azithromycin Injection,To Be Discontinued,Anti-Infective,Injection,"Hospira, Inc., a Pfizer Company",09/09/2025,,
755,Quinapril Hydrochloride Tablet,Current,Cardiovascular,Tablet,Pfizer Inc.,01/19/2023,,
172,Sterile Water Irrigant,Current,"Gastroenterology, Other, Pediatric",Irrigant,Otsuka ICU Medical LLC,04/28/2023,,
403,Bupivacaine Hydrochloride Injection,Current,Anesthesia,Injection,"Hospira, Inc., a Pfizer Company",02/20/2018,,
1355,Sodium Bicarbonate Injection,Current,"Endocrinology/Metabolism, Gastroenterology, Pediatric",Injection,"Hospira, Inc., a Pfizer Company",03/01/2017,,
128,Hydromorphone Hydrochloride Injection,Current,Analgesia/Addiction,Injection,"Hikma Pharmaceuticals USA, Inc.",11/03/2017,,
353,"Amphetamine Aspartate Monohydrate, Amphetamine Sulfate, Dextroamphetamine Saccharate, Dextroamphetamine Sulfate Tablet",Current,Psychiatry,Tablet,Oryza Pharmaceuticals Inc.,10/12/2022,,
877,Everolimus Tablet,To Be Discontinued,Transplant,Tablet,"Mylan Pharmaceuticals Inc., a Viatris Company",11/03/2025,,
204,Epinephrine Injection,To Be Discontinued,"Cardiovascular, Endocrinology/Metabolism",Injection,"Hospira, Inc., a Pfizer Company",11/07/2025,,
329,Cromolyn Sodium Concentrate,Current,Pulmonary/Allergy,Concentrate,Ailex Pharmaceuticals,11/03/2023,,
828,Dobutamine Hydrochloride Injection,Current,"Cardiovascular, Pediatric, Renal",Injection,"Hospira, Inc., a Pfizer Company",11/06/2017,,
1303,Oseltamivir Phosphate Capsule,To Be Discontinued,Antiviral,Capsule,"Genentech, Inc",09/30/2025,,
439,Crinecerfont Capsule,To Be Discontinued,Endocrinology/Metabolism,Capsule,"Neurocrine Biosciences, Inc.",04/28/2026,,
991,Oxaliplatin Injection,To Be Discontinued,Oncology,Injection,"Fresenius Kabi USA, LLC",02/25/2026,,
795,"Methylphenidate Hydrochloride Tablet, Extended Release",Current,Psychiatry,Tablet,"Sun Pharmaceutical Industries, Inc.",07/26/2023,,
717,Quinapril Hydrochloride Tablet,To Be Discontinued,Cardiovascular,Tablet,Pfizer Inc.,10/01/2025,,
114,Vigabatrin Oral Solution,To Be Discontinued,Neurology,Oral Solution,"Pyros Pharmaceuticals, Inc.",10/16/2025,,
156,Conivaptan Hydrochloride Injection,Current,Cardiovascular,Injection,Cumberland Pharmaceuticals Inc.,03/14/2022,,
534,Nilutamide Tablet,To Be Discontinued,Oncology,Tablet,Advanz Pharma (US) Corp.,12/01/2025,,
721,Flurazepam Hydrochloride Capsule,Current,"Neurology, Other",Capsule,"Rising Pharma Holdings, Inc.",08/03/2022,,
457,Epinephrine Injection,To Be Discontinued,"Cardiovascular, Endocrinology/Metabolism",Injection,"Hospira, Inc., a Pfizer Company",11/07/2025,,
393,Dexamethasone Sodium Phosphate Injection,Current,"Dermatology, Endocrinology/Metabolism, Gastroenterology, Hematology, Neurology, Oncology, Ophthalmology, Other, Pulmonary/Allergy, Rheumatology",Injection,"Fresenius Kabi USA, LLC",02/08/2019,,
42,Mirikizumab-mrkz Injection,To Be Discontinued,"Gastroenterology, Other",Injection,Eli Lilly and Co.,12/22/2025,,
698,"Methylphenidate Hydrochloride Tablet, Extended Release",Current,Psychiatry,Tablet,"Sun Pharmaceutical Industries, Inc.",07/26/2023,,
410,Atropine Sulfate Injection,Current,"Anesthesia, Neurology, Pediatric",Injection,"Hospira, Inc., a Pfizer Company",01/01/2012,,
1442,Meperidine Hydrochloride Injection,Current,Analgesia/Addiction,Injection,"Hospira, Inc., a Pfizer Company",05/30/2025,,
236,Quinapril Hydrochloride Tablet,Current,Cardiovascular,Tablet,Pfizer Inc.,01/19/2023,,
148,Quinapril Hydrochloride Tablet,Current,Cardiovascular,Tablet,"Lupin Pharmaceuticals, Inc.",01/19/2023,,
1409,Phenoxybenzamine Hydrochloride Capsule,To Be Discontinued,Cardiovascular,Capsule,Advanz Pharma (US) Corp.,12/01/2025,,
568,Leflunomide Tablet,To Be Discontinued,Rheumatology,Tablet,Sanofi-Aventis U.S. LLC,06/08/2026,,
1391,Doxercalciferol Injection,To Be Discontinued,Endocrinology/Metabolism,Injection,Sanofi-Aventis U.S. LLC,12/10/2025,,
998,"Potassium Chloride Tablet, Extended Release",To Be Discontinued,"Endocrinology/Metabolism, Gastroenterology",Tablet,"Teva Pharmaceuticals USA, Inc.",11/21/2025,,
1097,Doxycycline Hyclate Tablet,To Be Discontinued,Anti-Infective,Tablet,"Mylan Pharmaceuticals Inc., a Viatris Company",01/12/2026,,
70,Insulin Glargine Injection,To Be Discontinued,Endocrinology/Metabolism,Injection,Eli Lilly and Co.,10/24/2025,,
225,Heparin Sodium Injection,Current,Hematology,Injection,"Hospira, Inc., a Pfizer Company",11/14/2017,,
611,Docetaxel Injection,To Be Discontinued,Oncology,Injection,Ingenus Pharmaceuticals LLC,02/20/2026,,
105,Verapamil Hydrochloride Injection,To Be Discontinued,Cardiovascular,Injection,Pfizer Inc.,11/21/2025,,
909,"Amphetamine Aspartate Monohydrate, Amphetamine Sulfate, Dextroamphetamine Saccharate, Dextroamphetamine Sulfate Tablet",Current,Psychiatry,Tablet,Oryza Pharmaceuticals Inc.,10/12/2022,,
1187,"Streptozocin Powder, For Solution",Current,Oncology,"Powder, For Solution","Teva Pharmaceuticals USA, Inc.",07/12/2022,,
920,Nebivolol Hydrochloride Tablet,To Be Discontinued,Cardiovascular,Tablet,Torrent Pharmaceuticals Limited,03/25/2026,,
3,Meperidine Hydrochloride Injection,Current,Analgesia/Addiction,Injection,"Hospira, Inc., a Pfizer Company",05/30/2025,,
61,Fentanyl Citrate Injection,Current,"Analgesia/Addiction, Pediatric",Injection,"Hikma Pharmaceuticals USA, Inc.",12/20/2023,,
1329,Methotrexate Injection,To Be Discontinued,Rheumatology,Injection,"Assertio Specialty Pharmaceuticals, LLC",08/29/2025,,
784,Methotrexate Injection,To Be Discontinued,Rheumatology,Injection,"Assertio Specialty Pharmaceuticals, LLC",08/29/2025,,
753,Methotrexate Injection,To Be Discontinued,Rheumatology,Injection,"Assertio Specialty Pharmaceuticals, LLC",08/29/2025,,
331,Obeticholic Acid Tablet,To Be Discontinued,Gastroenterology,Tablet,Intercept Pharmaceuticals,09/19/2025,,
908,Meperidine Hydrochloride Injection,Current,Analgesia/Addiction,Injection,"Hospira, Inc., a Pfizer Company",05/30/2025,,
